UserID,last_session,first_session,session_count,avg_duration,avg_demand,total_demand,num_chargers_used,num_locations_used,tenure_days,days_since_last_session,churned,common_charger_type,common_location,common_company
1,2022-09-30 18:50:00,2021-10-03 21:16:00,109,334.2201834862385,35.8954128440367,3912.6,15,4,361,0,0,0,market,1
2,2022-09-26 14:01:00,2022-06-01 18:28:00,41,171.2439024390244,19.683170731707317,807.01,2,1,116,4,0,0,apartment,1
3,2022-09-30 15:14:00,2022-05-28 18:15:00,35,167.65714285714284,22.888,801.08,13,7,124,0,0,0,public institution,1
4,2022-09-30 11:55:00,2021-10-06 18:23:00,171,161.28070175438597,15.885438596491227,2716.41,4,1,358,0,0,0,apartment,1
5,2022-09-15 12:01:00,2022-09-14 21:19:00,2,420.0,14.5,29.0,2,2,0,15,0,0,hotel,1
6,2022-09-30 15:29:00,2022-08-11 15:18:00,53,289.9433962264151,37.90867924528302,2009.16,12,4,50,0,0,0,public area,1
7,2022-09-30 17:36:00,2021-12-21 12:47:00,73,237.87671232876713,19.575068493150685,1428.98,7,3,283,0,0,0,public institution,0
8,2022-09-29 17:42:00,2022-01-03 18:47:00,125,186.576,11.876479999999999,1484.56,4,3,268,1,0,0,apartment,0
9,2022-09-29 17:28:00,2021-10-23 15:40:00,181,31.76795580110497,12.771381215469612,2311.62,27,6,341,1,0,1,public area,0
10,2022-09-25 18:14:00,2022-08-25 15:23:00,19,128.94736842105263,13.692105263157893,260.15,4,2,31,5,0,0,public institution,0
11,2022-09-29 19:49:00,2021-10-08 15:11:00,106,36.867924528301884,14.720377358490564,1560.36,24,5,356,1,0,1,public institution,0
12,2022-09-30 15:03:00,2022-09-09 18:57:00,46,40.5,18.606521739130436,855.9,18,6,20,0,0,1,public institution,0
13,2022-09-22 02:25:00,2021-12-06 18:25:00,63,304.6825396825397,31.646349206349207,1993.72,11,1,289,8,0,0,apartment,1
14,2022-09-22 11:00:00,2022-06-28 16:13:00,32,95.3125,17.89125,572.52,18,8,85,8,0,1,public area,0
15,2022-09-30 13:52:00,2021-10-01 13:49:00,217,152.6635944700461,8.547834101382488,1854.88,10,6,364,0,0,0,public area,1
16,2022-09-22 16:44:00,2022-09-02 17:45:00,26,81.42307692307692,9.212307692307693,239.52,2,1,19,8,0,0,public area,1
17,2022-09-28 08:58:00,2022-05-03 22:40:00,62,39.41935483870968,16.78274193548387,1040.53,27,8,147,2,0,1,public parking lot,0
18,2022-09-25 19:27:00,2021-10-07 19:15:00,70,88.77142857142857,19.037285714285712,1332.61,21,4,353,5,0,1,public institution,0
19,2022-09-21 18:06:00,2022-09-01 08:22:00,13,36.07692307692308,21.134615384615383,274.75,5,2,20,9,0,1,public institution,0
20,2022-09-27 16:50:00,2021-10-05 15:14:00,137,114.27007299270073,11.685620437956205,1600.93,5,1,357,3,0,0,company,1
21,2022-09-06 13:43:00,2021-10-12 15:08:00,41,147.21951219512195,12.793658536585365,524.54,5,1,328,24,0,0,company,1
22,2022-09-30 17:16:00,2022-07-18 16:39:00,49,144.89795918367346,8.29142857142857,406.28,7,4,74,0,0,0,apartment,0
23,2022-09-30 15:46:00,2021-10-26 12:49:00,54,106.98148148148148,11.781851851851853,636.22,6,1,339,0,0,0,apartment,1
24,2022-09-28 12:17:00,2022-05-20 09:49:00,28,67.21428571428571,15.907499999999999,445.40999999999997,25,9,131,2,0,1,sightseeing,0
25,2022-01-07 11:39:00,2021-11-11 07:37:00,3,25.666666666666668,7.773333333333333,23.32,3,2,57,266,1,0,public parking lot,0
26,2022-09-30 15:53:00,2022-07-18 19:00:00,24,172.625,25.583333333333332,614.0,14,6,73,0,0,0,camping,0
27,2022-09-30 13:32:00,2022-04-16 08:41:00,107,93.23364485981308,9.016542056074766,964.77,19,7,167,0,0,0,apartment,0
28,2022-09-27 22:32:00,2022-07-06 12:31:00,84,51.654761904761905,18.709999999999997,1571.6399999999999,29,8,83,3,0,1,company,0
29,2022-09-29 17:17:00,2021-10-01 15:32:00,204,104.6029411764706,11.478529411764706,2341.62,6,1,363,1,0,0,company,1
30,2022-09-29 18:28:00,2022-02-17 17:19:00,195,43.35897435897436,29.90830769230769,5832.12,45,6,224,1,0,1,public area,0
31,2022-09-30 18:30:00,2021-12-10 17:13:00,353,98.59490084985836,5.5537110481586405,1960.46,36,7,294,0,0,0,apartment,1
32,2022-09-28 08:06:00,2022-01-03 07:58:00,93,141.25806451612902,17.471182795698923,1624.82,10,3,268,2,0,0,public institution,0
33,2022-09-30 12:20:00,2022-06-17 20:50:00,59,85.0677966101695,14.20271186440678,837.96,18,7,104,0,0,0,apartment,0
34,2022-09-30 20:36:00,2022-07-15 12:15:00,35,23.314285714285713,15.008,525.28,10,5,77,0,0,1,apartment,0
35,2022-09-28 20:38:00,2022-01-21 22:42:00,35,183.6,24.078285714285716,842.74,14,5,249,2,0,0,apartment,0
36,2022-09-30 12:20:00,2021-10-28 07:31:00,300,156.18666666666667,18.135833333333334,5440.75,4,2,337,0,0,0,public area,1
37,2022-09-29 18:22:00,2022-01-26 13:38:00,81,45.7037037037037,19.912592592592592,1612.92,22,8,246,1,0,1,public parking lot,0
38,2022-09-29 19:37:00,2021-10-30 20:00:00,169,409.93491124260356,6.167455621301775,1042.3,6,3,333,1,0,0,apartment,0
39,2022-09-15 16:42:00,2022-07-27 22:51:00,3,270.0,8.459999999999999,25.38,3,3,49,15,0,0,apartment,0
40,2022-09-30 20:41:00,2021-10-03 17:40:00,323,136.625386996904,7.791362229102168,2516.61,51,11,362,0,0,0,public area,0
41,2022-09-29 18:14:00,2022-04-20 20:25:00,146,22.226027397260275,14.046369863013698,2050.77,34,8,161,1,0,1,public area,0
42,2022-09-25 10:12:00,2022-03-08 20:12:00,73,121.65753424657534,13.853424657534246,1011.3,5,1,200,5,0,0,apartment,1
43,2022-09-30 00:30:00,2022-09-06 20:14:00,9,371.77777777777777,44.284444444444446,398.56,3,2,23,0,0,0,public area,0
44,2022-09-29 17:58:00,2022-07-05 12:49:00,93,50.655913978494624,21.216236559139787,1973.1100000000001,40,10,86,1,0,1,public area,0
45,2022-09-27 19:54:00,2022-08-11 18:29:00,43,92.09302325581395,29.246976744186043,1257.62,11,6,47,3,0,1,public area,0
46,2022-09-29 00:50:00,2022-07-12 02:37:00,25,333.44,18.6672,466.68,3,1,78,1,0,0,public institution,1
47,2022-09-27 17:55:00,2022-08-24 19:34:00,11,149.63636363636363,17.873636363636365,196.61,5,3,33,3,0,0,company,1
48,2022-09-01 10:18:00,2022-08-16 11:32:00,2,37.5,24.36,48.72,1,1,15,29,0,1,public institution,0
49,2022-09-27 18:12:00,2022-06-20 21:30:00,29,259.44827586206895,36.30034482758621,1052.71,16,7,98,3,0,0,public area,0
50,2022-09-29 17:03:00,2022-08-04 14:52:00,13,34.23076923076923,20.474615384615387,266.17,4,3,56,1,0,1,apartment,0
51,2022-09-30 14:53:00,2021-10-01 17:20:00,37,36.432432432432435,24.225675675675678,896.35,4,3,363,0,0,1,public parking lot,0
52,2022-09-15 13:43:00,2022-08-05 20:45:00,19,37.94736842105263,24.23157894736842,460.4,15,5,40,15,0,1,public institution,0
53,2022-09-29 19:06:00,2022-05-02 11:57:00,56,36.44642857142857,22.914107142857144,1283.19,2,1,150,1,0,1,public area,0
54,2022-09-30 19:02:00,2022-03-21 11:32:00,166,146.75903614457832,14.010120481927709,2325.68,7,3,193,0,0,0,restaurant,0
55,2022-09-30 09:34:00,2022-03-15 13:06:00,91,46.62637362637363,22.294945054945053,2028.84,31,7,198,0,0,1,resort,0
56,2022-09-30 08:46:00,2021-10-09 09:27:00,26,41.88461538461539,13.591153846153846,353.37,10,5,355,0,0,1,public parking lot,0
57,2022-09-15 13:19:00,2022-03-22 10:19:00,18,36.22222222222222,26.781111111111112,482.06,2,1,177,15,0,1,public area,0
58,2022-09-15 06:58:00,2022-07-14 06:27:00,9,218.11111111111111,30.08666666666667,270.78000000000003,6,4,63,15,0,0,public area,0
59,2022-09-17 16:17:00,2021-10-31 17:52:00,4,78.25,19.5525,78.21,4,3,320,13,0,0,public parking lot,0
60,2022-09-28 12:47:00,2021-10-05 13:39:00,106,62.68867924528302,9.376509433962264,993.91,37,8,357,2,0,0,public institution,0
61,2022-09-29 14:51:00,2021-10-01 17:27:00,67,27.417910447761194,15.508059701492536,1039.04,14,2,362,1,0,1,public area,0
62,2022-09-29 11:12:00,2022-01-07 11:08:00,88,26.863636363636363,13.673977272727273,1203.31,3,3,265,1,0,1,public parking lot,0
63,2022-09-29 09:03:00,2021-11-02 13:09:00,105,204.62857142857143,20.55552380952381,2158.33,14,4,330,1,0,0,hotel,0
64,2022-09-30 06:49:00,2021-10-01 05:12:00,82,92.6829268292683,11.719146341463414,960.97,13,5,364,0,0,0,apartment,1
65,2022-09-15 07:13:00,2022-03-28 07:34:00,10,306.5,34.047000000000004,340.47,1,1,170,15,0,0,public area,1
66,2022-09-27 12:05:00,2022-08-14 09:08:00,12,30.75,26.849999999999998,322.2,6,2,44,3,0,1,public area,0
67,2022-09-30 12:56:00,2022-07-12 16:32:00,43,126.4186046511628,11.950697674418604,513.88,4,4,79,0,0,0,golf,0
68,2022-09-30 12:03:00,2021-10-09 19:27:00,191,11.115183246073299,3.484973821989529,665.63,24,6,355,0,0,1,public institution,0
69,2022-09-30 22:10:00,2022-09-15 11:20:00,7,68.42857142857143,15.692857142857141,109.85,3,3,15,0,0,1,public parking lot,0
70,2022-09-30 09:18:00,2021-10-01 11:43:00,196,189.30612244897958,17.08066326530612,3347.81,5,1,363,0,0,0,public area,1
71,2022-09-23 11:15:00,2021-10-08 10:14:00,200,66.38,16.1483,3229.66,44,9,350,7,0,1,public area,0
72,2022-09-30 10:19:00,2022-09-01 14:13:00,15,32.2,14.158666666666667,212.38,12,6,28,0,0,1,public institution,0
73,2022-09-30 10:42:00,2022-01-03 09:54:00,118,132.6949152542373,12.583135593220339,1484.81,9,4,270,0,0,0,apartment,0
74,2022-09-29 15:03:00,2021-10-16 16:07:00,245,24.616326530612245,10.651469387755103,2609.61,66,7,347,1,0,1,market,0
75,2022-09-30 09:31:00,2021-10-04 06:50:00,204,26.470588235294116,15.663088235294117,3195.27,15,6,361,0,0,1,public institution,0
76,2022-09-30 13:23:00,2021-10-01 13:26:00,132,196.28787878787878,8.856136363636363,1169.01,7,5,363,0,0,0,public area,1
77,2022-09-29 12:39:00,2021-10-06 09:37:00,53,83.49056603773585,20.072452830188677,1063.84,26,6,358,1,0,1,public institution,0
78,2022-09-15 10:18:00,2022-01-24 13:59:00,3,33.333333333333336,17.76,53.28,3,3,233,15,0,1,market,0
79,2022-09-29 12:26:00,2022-05-13 10:41:00,130,131.1,13.618538461538462,1770.41,1,1,139,1,0,0,restaurant,1
80,2022-09-30 13:36:00,2021-10-02 15:54:00,160,24.43125,7.6453125,1223.25,20,4,362,0,0,1,public area,0
81,2022-09-20 08:41:00,2021-11-10 16:13:00,47,50.91489361702128,16.57723404255319,779.13,14,5,313,10,0,1,apartment,0
82,2022-09-29 11:51:00,2022-08-30 16:49:00,14,88.92857142857143,7.993571428571428,111.91,6,4,29,1,0,0,apartment,0
83,2022-09-28 08:01:00,2022-01-14 18:38:00,107,55.271028037383175,29.34355140186916,3139.76,14,7,256,2,0,1,restaurant,0
84,2022-09-15 06:39:00,2021-11-07 13:45:00,43,179.02325581395348,8.453953488372093,363.52,7,3,311,15,0,0,restaurant,0
85,2022-09-30 08:53:00,2022-02-19 08:32:00,29,61.96551724137931,11.838965517241379,343.33,10,4,223,0,0,1,apartment,0
86,2022-09-27 18:08:00,2021-12-01 17:43:00,236,177.1822033898305,6.889915254237288,1626.02,17,6,300,3,0,0,apartment,1
87,2022-09-30 05:45:00,2021-10-01 04:41:00,178,83.5505617977528,9.705617977528089,1727.6,13,2,364,0,0,0,public institution,0
88,2022-09-27 23:10:00,2021-11-18 13:19:00,140,132.37142857142857,7.815357142857144,1094.15,10,5,313,2,0,0,public institution,0
89,2022-09-19 06:12:00,2022-05-24 06:18:00,89,101.21348314606742,10.557415730337079,939.61,2,1,117,11,0,0,apartment,0
90,2022-09-17 21:22:00,2021-12-15 17:03:00,43,252.65116279069767,9.883720930232558,425.0,2,1,276,13,0,0,company,1
91,2022-09-27 07:31:00,2021-10-01 17:11:00,103,42.63106796116505,18.3226213592233,1887.23,20,8,360,3,0,1,public institution,0
92,2022-09-28 20:51:00,2021-11-13 10:02:00,100,34.12,25.0333,2503.33,22,6,319,2,0,1,market,0
93,2022-09-27 08:59:00,2022-01-01 18:42:00,90,152.6,16.177555555555557,1455.98,16,3,268,3,0,0,public institution,0
94,2022-09-15 06:10:00,2022-05-15 10:55:00,22,123.36363636363636,6.785,149.27,3,1,122,15,0,0,golf,1
95,2022-09-30 15:22:00,2022-02-11 22:45:00,348,247.81034482758622,27.649339080459768,9621.97,12,4,230,0,0,0,apartment,1
96,2022-09-30 19:45:00,2022-07-17 12:13:00,62,324.83870967741933,37.8708064516129,2347.99,5,1,75,0,0,0,apartment,1
97,2022-09-29 21:19:00,2022-06-03 10:36:00,44,106.3409090909091,5.9775,263.01,3,2,118,1,0,0,apartment,0
98,2022-09-29 15:14:00,2021-10-01 17:44:00,122,329.04918032786884,32.97360655737705,4022.78,2,1,362,1,0,0,apartment,1
99,2022-09-28 19:20:00,2021-10-01 19:22:00,43,382.25581395348837,41.676511627906976,1792.09,5,1,361,2,0,0,apartment,1
100,2022-09-28 19:50:00,2022-03-06 09:53:00,75,134.61333333333334,20.432933333333335,1532.47,24,10,206,2,0,1,hotel,0
101,2022-09-23 20:15:00,2021-10-16 19:18:00,36,359.69444444444446,42.954166666666666,1546.35,7,3,342,7,0,0,apartment,1
102,2022-09-28 17:08:00,2021-09-30 17:14:00,154,429.25324675324674,24.208831168831168,3728.16,2,1,362,2,0,0,public institution,1
103,2022-09-26 17:39:00,2021-10-01 18:14:00,75,361.29333333333335,39.4816,2961.12,7,3,359,4,0,0,camping,1
104,2022-09-21 18:27:00,2021-09-30 18:22:00,52,427.09615384615387,48.86057692307692,2540.75,2,1,356,9,0,0,resort,1
105,2022-09-29 19:03:00,2021-09-30 18:57:00,215,285.48837209302326,30.86106976744186,6635.13,5,1,364,1,0,0,camping,1
106,2022-09-29 08:18:00,2022-01-13 21:16:00,203,232.39408866995075,25.414679802955668,5159.18,11,3,258,1,0,0,apartment,0
107,2022-09-30 18:37:00,2022-03-26 09:38:00,149,382.61744966442956,9.913489932885906,1477.11,7,2,188,0,0,0,apartment,0
108,2022-09-30 19:55:00,2022-01-01 17:29:00,118,175.864406779661,10.544152542372881,1244.21,13,5,272,0,0,0,restaurant,0
109,2022-09-30 20:20:00,2021-10-11 18:52:00,107,136.9158878504673,16.04289719626168,1716.59,7,3,354,0,0,0,apartment,1
111,2022-09-14 21:25:00,2022-09-14 21:25:00,1,29.0,15.59,15.59,1,1,0,16,0,1,public institution,0
112,2022-09-14 17:47:00,2022-02-11 17:03:00,74,156.2972972972973,8.174054054054054,604.88,14,4,215,16,0,0,resort,0
113,2022-09-29 17:42:00,2022-06-08 19:07:00,49,119.75510204081633,19.041428571428572,933.03,6,3,112,1,0,1,apartment,0
114,2022-09-27 21:37:00,2022-03-04 15:36:00,65,35.353846153846156,28.250615384615383,1836.29,20,5,207,3,0,1,market,0
115,2022-09-29 19:26:00,2021-11-18 19:39:00,68,195.5441176470588,23.748970588235295,1614.93,9,2,314,1,0,0,public area,1
116,2022-09-27 22:40:00,2021-10-16 16:12:00,72,54.27777777777778,23.83111111111111,1715.84,36,7,346,2,0,1,public area,0
117,2022-09-29 20:02:00,2022-06-30 13:13:00,17,97.76470588235294,38.67235294117648,657.4300000000001,9,4,91,1,0,1,hotel,0
118,2022-09-30 19:27:00,2022-06-29 20:32:00,46,131.95652173913044,7.178260869565217,330.2,5,1,92,0,0,0,resort,0
119,2022-09-30 12:45:00,2021-12-24 20:44:00,125,31.248,23.6764,2959.55,23,6,279,0,0,1,public institution,0
120,2022-09-27 17:44:00,2022-08-25 17:54:00,20,198.65,6.855500000000001,137.11,1,1,32,3,0,0,company,0
121,2022-09-25 20:17:00,2021-10-04 14:05:00,82,22.024390243902438,10.403658536585366,853.1,15,5,356,5,0,1,market,0
122,2022-09-23 05:42:00,2022-05-21 13:40:00,19,54.68421052631579,15.369473684210526,292.02,18,7,124,7,0,1,public area,0
123,2022-09-30 17:15:00,2021-10-03 07:54:00,138,135.09420289855072,7.287536231884058,1005.68,23,6,362,0,0,0,public institution,0
124,2022-09-25 18:50:00,2022-01-18 20:10:00,119,123.72268907563026,14.329915966386555,1705.26,17,5,249,5,0,0,apartment,1
125,2022-09-29 21:00:00,2021-10-16 16:10:00,86,52.51162790697674,11.924186046511629,1025.48,12,5,348,1,0,1,public area,0
126,2022-09-14 18:26:00,2022-09-14 18:26:00,1,40.0,2.8,2.8,1,1,0,16,0,1,public parking lot,0
127,2022-09-30 16:54:00,2021-10-01 14:54:00,123,90.3739837398374,10.050569105691057,1236.22,7,2,364,0,0,0,apartment,1
128,2022-09-30 11:21:00,2022-05-24 14:11:00,63,137.17460317460316,7.207301587301587,454.06,2,1,128,0,0,0,apartment,1
129,2022-09-27 11:47:00,2021-10-08 16:59:00,48,215.14583333333334,9.9575,477.96,13,6,353,3,0,0,sightseeing,0
130,2022-09-19 17:34:00,2022-08-31 17:05:00,5,60.6,20.016,100.08,4,2,19,11,0,1,public parking lot,0
131,2022-09-14 13:45:00,2021-10-06 16:30:00,37,185.56756756756758,16.783783783783782,621.0,14,4,342,16,0,0,public institution,0
132,2022-09-30 09:27:00,2022-03-23 11:04:00,174,186.5977011494253,8.340344827586208,1451.22,7,5,190,0,0,0,hotel,0
133,2022-09-29 13:05:00,2022-03-11 15:54:00,109,33.34862385321101,16.491192660550457,1797.54,18,4,201,1,0,1,public institution,0
134,2022-09-27 20:55:00,2021-11-03 17:09:00,22,197.1818181818182,29.86590909090909,657.05,13,5,328,3,0,0,public area,1
135,2022-09-28 19:56:00,2021-10-02 04:50:00,76,337.61842105263156,38.504210526315795,2926.32,13,5,361,2,0,0,resort,0
136,2022-09-30 08:38:00,2021-10-09 18:17:00,51,36.27450980392157,21.892941176470586,1116.54,8,5,355,0,0,1,public institution,0
137,2022-09-30 14:07:00,2022-06-27 13:40:00,19,178.68421052631578,17.629473684210524,334.96,3,3,95,0,0,0,public institution,1
138,2022-09-25 08:05:00,2022-05-26 21:59:00,24,109.66666666666667,18.27958333333333,438.71,20,7,121,5,0,1,hotel,0
139,2022-09-29 15:03:00,2021-10-26 17:59:00,33,112.48484848484848,12.227575757575757,403.51,5,1,337,1,0,0,company,1
140,2022-09-28 16:15:00,2022-02-04 16:56:00,55,33.81818181818182,26.849454545454545,1476.72,18,6,235,2,0,1,market,0
141,2022-09-25 10:53:00,2021-10-01 13:23:00,18,268.05555555555554,27.427222222222223,493.69,4,3,358,5,0,0,public area,1
142,2022-09-14 14:32:00,2021-10-05 12:42:00,52,30.71153846153846,16.32423076923077,848.86,9,2,344,16,0,1,public institution,0
143,2022-09-30 08:51:00,2021-11-11 11:15:00,37,36.2972972972973,18.286756756756755,676.61,14,5,322,0,0,1,public institution,0
144,2022-09-14 13:17:00,2022-08-19 14:13:00,4,39.25,2.3275,9.31,4,4,25,16,0,0,market,0
145,2022-09-14 14:21:00,2022-08-17 14:30:00,2,30.0,24.240000000000002,48.480000000000004,2,1,27,16,0,1,market,0
146,2022-09-30 16:30:00,2021-10-17 15:09:00,73,42.657534246575345,17.687123287671234,1291.16,15,6,348,0,0,1,public parking lot,0
147,2022-09-14 14:22:00,2021-10-24 18:51:00,91,34.18681318681319,18.441758241758244,1678.2,44,9,324,16,0,1,public area,0
148,2022-09-29 19:25:00,2021-10-10 14:05:00,111,65.52252252252252,7.268738738738739,806.83,8,4,354,1,0,0,public institution,0
149,2022-09-14 12:18:00,2022-01-15 12:56:00,17,74.3529411764706,7.816470588235294,132.88,10,5,241,16,0,0,golf,0
150,2022-09-30 11:06:00,2021-10-11 10:23:00,118,55.940677966101696,17.0685593220339,2014.09,69,9,354,0,0,1,public area,0
151,2022-09-25 16:42:00,2022-05-14 20:35:00,36,294.8611111111111,37.37222222222223,1345.4,13,4,133,5,0,0,public institution,0
152,2022-09-28 13:54:00,2021-10-04 10:35:00,119,27.210084033613445,6.372268907563025,758.3,19,7,359,2,0,1,public parking lot,0
153,2022-09-22 08:02:00,2022-09-04 11:03:00,6,124.33333333333333,28.77,172.62,6,3,17,8,0,0,camping,0
154,2022-07-02 13:50:00,2022-01-14 16:44:00,4,109.5,18.287499999999998,73.14999999999999,4,3,168,90,1,1,market,0
155,2022-09-30 08:06:00,2022-07-06 16:40:00,12,159.66666666666666,16.775833333333335,201.31,5,2,85,0,0,0,public area,1
156,2022-09-29 16:14:00,2021-11-01 13:01:00,139,28.805755395683452,9.16338129496403,1273.71,39,7,332,1,0,1,public parking lot,0
157,2022-09-14 11:58:00,2022-09-12 15:11:00,2,66.0,28.965000000000003,57.93000000000001,2,2,1,16,0,1,restaurant,0
158,2022-09-30 16:11:00,2021-10-05 12:52:00,61,73.49180327868852,15.299344262295081,933.26,23,5,360,0,0,1,public area,0
159,2022-09-28 17:32:00,2021-11-17 10:12:00,65,122.44615384615385,7.064307692307692,459.18,13,5,315,2,0,0,public area,0
160,2022-09-30 17:29:00,2021-10-06 13:57:00,126,111.89682539682539,12.672380952380953,1596.72,5,1,359,0,0,0,company,1
161,2022-09-30 14:47:00,2021-11-19 17:41:00,128,82.0859375,12.940078125,1656.33,28,6,314,0,0,1,public institution,0
162,2022-09-28 10:15:00,2021-11-01 13:16:00,48,36.625,23.9825,1151.16,19,5,330,2,0,1,public parking lot,0
163,2022-09-25 12:01:00,2022-09-14 09:46:00,4,229.0,14.265,57.06,1,1,11,5,0,0,resort,0
164,2022-09-14 11:07:00,2021-10-13 07:44:00,16,33.125,15.7425,251.88,10,4,336,16,0,1,public parking lot,0
165,2022-09-30 08:50:00,2021-11-15 13:26:00,120,376.48333333333335,37.370250000000006,4484.43,4,3,318,0,0,0,market,1
166,2022-09-13 18:20:00,2022-09-12 20:21:00,2,994.0,44.055,88.11,1,1,0,17,0,0,hotel,0
167,2022-09-30 09:48:00,2021-10-17 16:31:00,192,25.380208333333332,8.750260416666666,1680.05,30,5,347,0,0,1,public area,0
168,2022-09-30 19:12:00,2022-02-24 22:45:00,46,35.28260869565217,29.66695652173913,1364.68,3,1,217,0,0,1,market,0
169,2022-09-29 08:15:00,2021-10-01 13:30:00,136,48.49264705882353,27.7275,3770.94,12,5,362,1,0,1,public parking lot,0
170,2022-09-13 17:03:00,2022-06-18 11:01:00,35,684.9714285714285,19.866,695.31,10,3,87,17,0,0,apartment,0
171,2022-09-30 16:45:00,2022-07-29 12:55:00,17,37.23529411764706,31.19588235294118,530.33,3,2,63,0,0,1,public area,0
172,2022-09-29 09:02:00,2021-10-02 08:07:00,126,209.83333333333334,18.74126984126984,2361.4,13,3,362,1,0,0,resort,0
173,2022-09-29 08:03:00,2021-10-01 07:54:00,63,92.85714285714286,48.73571428571429,3070.35,8,4,363,1,0,1,public institution,0
174,2022-09-26 20:32:00,2022-05-14 22:13:00,34,138.91176470588235,14.267941176470588,485.11,1,1,134,4,0,0,restaurant,1
175,2022-09-28 12:26:00,2022-07-04 17:42:00,10,27.8,26.673000000000002,266.73,5,4,85,2,0,1,public institution,0
176,2022-09-29 21:11:00,2022-05-27 21:28:00,62,172.80645161290323,12.511290322580646,775.7,13,7,124,1,0,0,public area,0
177,2022-09-30 09:47:00,2022-09-08 08:09:00,26,138.3846153846154,7.905384615384615,205.54,1,1,22,0,0,0,public area,1
178,2022-09-30 07:50:00,2022-05-27 08:03:00,60,69.48333333333333,7.912333333333334,474.74,3,1,125,0,0,0,public area,1
179,2022-09-30 14:27:00,2021-10-01 16:23:00,341,165.86217008797655,6.235953079178886,2126.46,12,6,363,0,0,0,apartment,1
180,2022-09-28 22:17:00,2021-11-23 17:42:00,94,150.7340425531915,8.931170212765958,839.53,13,6,309,2,0,0,apartment,0
181,2022-09-14 06:29:00,2022-09-14 06:29:00,1,151.0,15.95,15.95,1,1,0,16,0,0,restaurant,0
182,2022-09-27 08:25:00,2021-10-04 14:01:00,18,34.27777777777778,17.313333333333333,311.64,11,4,357,3,0,1,public area,0
183,2022-09-25 07:58:00,2022-07-15 02:49:00,22,269.59090909090907,29.635454545454547,651.98,5,1,72,5,0,0,camping,1
184,2022-09-28 15:51:00,2022-05-26 12:12:00,24,54.916666666666664,16.40875,393.81,21,7,125,2,0,1,public area,0
185,2022-09-30 15:49:00,2022-09-07 14:12:00,6,77.66666666666667,13.015,78.09,6,4,23,0,0,0,resort,0
186,2022-09-27 18:58:00,2021-10-06 18:34:00,126,221.12698412698413,14.783492063492064,1862.72,21,7,356,3,0,0,apartment,1
187,2022-09-28 00:00:00,2022-03-10 23:34:00,89,361.8876404494382,37.986516853932585,3380.8,2,1,201,2,0,0,apartment,1
188,2022-09-29 23:45:00,2022-06-22 11:10:00,38,230.89473684210526,28.224736842105262,1072.54,6,3,99,0,0,0,apartment,1
189,2022-09-30 09:29:00,2022-03-04 09:08:00,15,187.13333333333333,19.956666666666667,299.35,4,2,210,0,0,0,public area,1
190,2022-09-30 18:46:00,2022-04-06 21:49:00,63,325.92063492063494,34.333492063492066,2163.01,6,2,176,0,0,0,apartment,1
191,2022-09-25 20:57:00,2022-05-21 12:50:00,67,170.56716417910448,9.66402985074627,647.49,14,5,127,5,0,0,apartment,0
192,2022-09-30 10:26:00,2022-09-03 21:39:00,9,379.3333333333333,20.81888888888889,187.37,3,1,26,0,0,0,public institution,0
193,2022-09-29 10:46:00,2022-01-30 10:01:00,67,321.34328358208955,38.105522388059704,2553.07,9,4,242,1,0,0,company,0
194,2022-09-30 10:15:00,2021-10-03 22:23:00,149,368.7986577181208,19.42979865771812,2895.04,17,6,361,0,0,0,apartment,1
195,2022-09-23 18:48:00,2021-10-02 23:03:00,74,176.1216216216216,19.86027027027027,1469.66,6,1,355,7,0,0,apartment,1
196,2022-09-29 21:15:00,2021-10-16 17:13:00,63,135.8095238095238,7.099047619047619,447.24,20,5,348,1,0,0,public parking lot,0
197,2022-09-29 19:37:00,2022-08-13 10:24:00,21,183.23809523809524,10.744761904761905,225.64,3,2,47,1,0,0,public area,1
198,2022-09-30 10:44:00,2022-09-13 18:44:00,2,113.0,7.05,14.1,2,1,16,0,0,0,public institution,0
199,2022-09-27 21:57:00,2022-01-25 20:47:00,83,183.53012048192772,15.069036144578314,1250.73,5,1,245,3,0,0,apartment,1
200,2022-09-29 12:52:00,2022-08-05 18:48:00,14,228.07142857142858,14.98,209.72,3,3,54,1,0,0,apartment,1
201,2022-09-28 17:02:00,2022-08-03 18:09:00,32,86.625,11.78875,377.24,9,3,55,2,0,1,public parking lot,0
202,2022-09-27 16:21:00,2021-10-14 17:09:00,55,126.10909090909091,14.011818181818182,770.65,6,1,347,3,0,0,company,1
203,2022-09-27 17:33:00,2022-05-27 15:09:00,43,67.44186046511628,17.507906976744188,752.84,37,7,123,3,0,1,public area,0
204,2022-09-29 21:40:00,2022-04-14 07:47:00,38,263.9736842105263,25.96315789473684,986.6,7,1,168,1,0,0,apartment,1
205,2022-09-21 16:31:00,2021-11-13 22:09:00,40,342.625,31.13825,1245.53,13,6,311,9,0,0,apartment,0
206,2022-09-27 06:37:00,2022-07-25 11:21:00,18,279.8888888888889,28.542777777777776,513.77,6,3,63,3,0,0,company,0
207,2022-09-24 20:50:00,2021-10-25 17:59:00,22,57.22727272727273,30.841363636363635,678.51,8,5,334,6,0,1,public institution,0
208,2022-09-28 08:07:00,2021-10-17 14:10:00,153,35.888888888888886,9.991307189542484,1528.67,25,4,345,2,0,1,public area,0
209,2022-09-26 17:43:00,2022-08-12 12:18:00,17,47.8235294117647,15.859411764705882,269.61,10,8,45,4,0,1,public institution,0
210,2022-09-13 14:43:00,2022-01-19 11:01:00,19,116.78947368421052,6.815263157894737,129.49,4,2,237,17,0,0,market,1
211,2022-09-13 14:24:00,2022-09-10 18:12:00,5,125.4,15.498,77.49,3,2,2,17,0,0,resort,1
212,2022-09-30 13:02:00,2021-10-05 15:24:00,57,388.719298245614,46.2619298245614,2636.93,6,4,359,0,0,0,public area,1
213,2022-09-28 18:59:00,2021-10-05 20:10:00,40,32.4,9.64475,385.79,24,7,357,2,0,1,public institution,0
214,2022-09-28 11:08:00,2022-05-12 10:13:00,20,226.45,41.7025,834.05,14,7,139,2,0,1,public area,0
215,2022-09-24 13:14:00,2022-06-16 16:30:00,21,112.85714285714286,14.331428571428571,300.96,6,4,99,6,0,1,hotel,0
216,2022-09-28 20:03:00,2021-10-08 21:44:00,57,496.70175438596493,46.05508771929824,2625.14,4,3,354,2,0,0,company,1
217,2022-09-30 16:20:00,2022-07-10 08:22:00,23,118.47826086956522,21.76521739130435,500.6,19,7,82,0,0,1,hotel,0
218,2022-09-25 08:14:00,2022-05-29 08:29:00,35,128.6,9.385142857142858,328.48,5,3,118,5,0,0,public area,1
219,2022-09-30 09:14:00,2021-10-05 09:29:00,84,335.89285714285717,10.255357142857143,861.45,12,3,359,0,0,0,company,0
220,2022-09-13 10:58:00,2022-09-13 10:58:00,1,50.0,5.59,5.59,1,1,0,17,0,0,hotel,1
221,2022-09-13 09:08:00,2022-09-13 09:08:00,1,120.0,13.47,13.47,1,1,0,17,0,0,resort,1
222,2022-09-25 12:14:00,2022-06-26 19:23:00,23,41.95652173913044,15.08695652173913,347.0,3,2,90,5,0,1,public area,0
223,2022-09-29 08:42:00,2022-02-18 10:40:00,71,174.49295774647888,16.020704225352112,1137.47,1,1,222,1,0,0,company,1
224,2022-09-30 20:12:00,2022-07-02 14:13:00,22,74.36363636363636,17.90909090909091,394.0,20,9,90,0,0,1,sightseeing,0
225,2022-09-17 10:08:00,2022-09-13 09:34:00,2,62.0,28.305,56.61,1,1,4,13,0,1,public area,0
226,2022-09-13 06:27:00,2022-09-11 16:09:00,3,167.0,18.713333333333335,56.14,2,1,1,17,0,0,resort,1
227,2022-09-28 12:32:00,2021-11-05 06:19:00,82,32.5,16.75890243902439,1374.23,12,3,327,2,0,1,company,0
228,2022-09-13 08:45:00,2021-11-02 21:12:00,101,40.68316831683168,21.52188118811881,2173.71,28,5,314,17,0,1,public area,0
229,2022-09-29 07:50:00,2021-12-28 08:17:00,79,148.51898734177215,17.60708860759494,1390.96,5,1,274,1,0,0,golf,1
230,2022-09-26 21:09:00,2021-10-19 10:37:00,30,38.53333333333333,13.046666666666669,391.40000000000003,16,5,342,4,0,1,public area,0
231,2022-09-26 07:30:00,2021-11-29 16:40:00,25,50.36,18.034000000000002,450.85,5,2,300,4,0,1,public area,0
232,2022-09-10 13:25:00,2022-09-10 13:04:00,2,28.5,11.629999999999999,23.259999999999998,1,1,0,20,0,1,public area,0
233,2022-09-30 20:47:00,2021-11-08 19:17:00,76,438.9868421052632,37.518815789473685,2851.43,2,1,326,0,0,0,public institution,1
234,2022-09-12 21:05:00,2022-09-12 15:46:00,2,263.5,30.915,61.83,2,1,0,18,0,0,resort,1
235,2022-09-27 13:07:00,2022-06-03 21:43:00,37,268.5945945945946,33.972702702702705,1256.99,12,4,115,3,0,0,public area,1
236,2022-09-26 19:42:00,2021-10-12 15:07:00,91,288.94505494505495,32.8021978021978,2985.0,9,2,349,4,0,0,apartment,1
237,2022-09-26 18:24:00,2021-10-08 21:58:00,71,301.71830985915494,32.43225352112676,2302.69,9,4,352,4,0,0,public area,0
238,2022-09-12 20:36:00,2022-09-08 15:40:00,9,146.0,8.321111111111112,74.89,1,1,4,18,0,0,company,1
239,2022-09-30 16:08:00,2022-05-20 17:57:00,26,52.80769230769231,15.411923076923078,400.71000000000004,22,7,132,0,0,1,sightseeing,0
240,2022-09-17 17:09:00,2021-10-01 17:53:00,74,394.02702702702703,40.93378378378378,3029.1,2,1,350,13,0,0,public area,1
241,2022-09-30 18:47:00,2021-10-01 18:58:00,171,230.67251461988303,10.553450292397661,1804.64,14,5,363,0,0,0,market,1
242,2022-09-20 09:26:00,2021-10-24 06:59:00,56,101.69642857142857,16.995,951.72,33,8,331,10,0,1,public institution,0
243,2022-09-28 08:58:00,2021-12-25 20:23:00,33,257.6666666666667,26.826060606060604,885.26,2,1,276,2,0,0,company,1
244,2022-09-25 17:45:00,2021-10-02 18:29:00,61,270.9016393442623,28.345901639344262,1729.1,8,3,357,5,0,0,public area,1
245,2022-09-30 08:28:00,2021-10-01 19:28:00,130,282.83076923076925,32.31684615384615,4201.19,21,4,363,0,0,0,public institution,0
246,2022-09-27 19:10:00,2022-05-07 19:50:00,38,86.97368421052632,15.474210526315789,588.02,33,6,142,3,0,1,hotel,0
247,2022-09-26 21:22:00,2021-10-02 13:05:00,55,52.763636363636365,16.899454545454546,929.47,7,4,359,4,0,1,sightseeing,0
248,2022-09-12 21:04:00,2022-07-17 21:32:00,33,133.57575757575756,14.011818181818182,462.39,11,3,56,18,0,0,public institution,0
250,2022-09-27 20:00:00,2022-08-16 18:09:00,11,41.27272727272727,21.682727272727274,238.51,6,2,42,3,0,1,public institution,0
251,2022-09-29 19:37:00,2022-01-15 01:27:00,90,148.76666666666668,19.867444444444445,1788.07,10,3,257,1,0,0,public area,1
252,2022-09-19 11:02:00,2022-07-29 16:25:00,18,59.44444444444444,19.25611111111111,346.61,16,7,51,11,0,1,public area,0
253,2022-09-12 16:38:00,2022-02-02 18:01:00,16,190.0625,21.831875,349.31,2,1,221,18,0,0,apartment,1
254,2022-09-12 17:38:00,2022-05-21 15:42:00,20,50.4,20.28,405.6,17,7,114,18,0,1,sightseeing,0
255,2022-09-29 08:20:00,2021-10-01 08:16:00,113,298.070796460177,28.898318584070797,3265.51,12,2,363,1,0,0,company,1
256,2022-09-19 12:30:00,2021-10-10 21:38:00,33,113.24242424242425,19.71393939393939,650.56,18,7,343,11,0,1,company,0
257,2022-09-12 15:36:00,2022-09-12 15:36:00,1,40.0,2.3,2.3,1,1,0,18,0,0,market,1
258,2022-09-28 13:48:00,2022-01-09 13:29:00,24,187.04166666666666,10.719166666666666,257.26,9,5,262,2,0,0,public institution,0
259,2022-09-12 15:25:00,2021-11-12 08:54:00,16,30.1875,20.365624999999998,325.84999999999997,6,4,304,18,0,1,public parking lot,0
260,2022-09-28 13:02:00,2022-06-04 19:27:00,120,34.125,17.974333333333334,2156.92,49,10,115,2,0,1,public area,0
261,2022-09-20 11:45:00,2022-05-12 16:27:00,44,102.04545454545455,28.24909090909091,1242.96,23,8,130,10,0,1,public area,0
262,2022-09-24 14:04:00,2021-10-21 13:52:00,37,165.24324324324326,18.756756756756758,694.0,9,4,338,6,0,0,apartment,1
263,2022-09-28 11:39:00,2021-12-09 17:50:00,20,88.1,16.5335,330.67,10,5,292,2,0,0,public institution,0
265,2022-09-17 14:32:00,2021-12-25 13:22:00,83,99.1566265060241,21.11578313253012,1752.61,57,10,266,13,0,1,public area,0
266,2022-09-26 11:48:00,2021-10-04 09:55:00,118,107.66949152542372,10.885169491525424,1284.45,25,4,357,4,0,0,public institution,0
267,2022-09-24 08:38:00,2022-04-17 17:46:00,40,156.825,33.583,1343.32,21,4,159,6,0,1,resort,0
268,2022-09-30 12:46:00,2021-12-01 20:40:00,119,45.48739495798319,23.383529411764705,2782.64,33,8,302,0,0,1,public institution,0
269,2022-09-12 12:05:00,2022-01-27 08:43:00,4,73.0,4.1899999999999995,16.759999999999998,3,3,228,18,0,0,hotel,0
270,2022-09-23 19:27:00,2021-10-01 09:05:00,153,399.8692810457516,28.878039215686275,4418.34,15,6,357,7,0,0,restaurant,0
271,2022-09-26 19:52:00,2022-05-08 14:08:00,35,69.45714285714286,18.002000000000002,630.07,27,9,141,4,0,1,public area,0
272,2022-09-24 09:21:00,2021-10-09 11:35:00,35,156.54285714285714,9.168571428571427,320.9,7,1,349,6,0,0,public institution,0
273,2022-09-12 12:34:00,2022-06-05 15:01:00,5,56.0,3.198,15.99,5,3,98,18,0,0,hotel,0
274,2022-09-30 11:42:00,2022-08-18 20:43:00,14,65.78571428571429,20.217142857142857,283.04,11,4,42,0,0,1,public area,0
275,2022-09-18 18:08:00,2022-09-10 11:43:00,6,30.0,22.439999999999998,134.64,5,1,8,12,0,1,public area,0
276,2022-09-30 20:23:00,2021-10-15 15:20:00,57,42.56140350877193,23.932280701754383,1364.1399999999999,10,4,350,0,0,1,public area,0
277,2022-09-12 09:20:00,2022-03-21 12:50:00,27,380.6296296296296,39.76259259259259,1073.59,6,1,174,18,0,0,apartment,1
278,2022-09-29 17:12:00,2022-04-11 07:41:00,38,271.2894736842105,30.41578947368421,1155.8,2,1,171,1,0,0,public institution,0
279,2022-09-29 21:04:00,2021-10-01 16:45:00,121,32.710743801652896,19.949338842975205,2413.87,11,5,363,1,0,1,public parking lot,0
280,2022-09-29 00:52:00,2022-02-09 00:31:00,97,417.5979381443299,41.08288659793814,3985.04,7,2,232,1,0,0,apartment,1
281,2022-09-30 17:20:00,2022-05-23 15:44:00,27,81.5925925925926,17.58962962962963,474.92,25,8,130,0,0,1,sightseeing,0
282,2022-09-29 13:36:00,2022-07-01 17:16:00,28,86.46428571428571,49.29642857142857,1380.3,5,4,89,1,0,1,restaurant,0
283,2022-09-25 12:19:00,2021-10-01 18:14:00,112,226.22321428571428,23.474732142857142,2629.17,2,1,358,5,0,0,apartment,1
284,2022-09-29 11:20:00,2022-07-28 09:24:00,11,52.18181818181818,36.31909090909091,399.51,3,2,63,1,0,1,public parking lot,0
285,2022-09-29 21:24:00,2021-11-25 17:21:00,89,407.13483146067415,21.509213483146066,1914.32,11,6,308,1,0,0,apartment,0
286,2022-09-28 15:37:00,2022-05-29 17:52:00,44,133.4318181818182,15.922954545454546,700.61,34,9,121,2,0,1,public area,0
287,2022-09-29 18:16:00,2022-07-01 10:53:00,32,34.25,20.113125,643.62,7,5,90,1,0,1,public parking lot,0
288,2022-09-12 01:12:00,2022-09-12 01:12:00,1,390.0,45.92,45.92,1,1,0,18,0,0,hotel,1
289,2022-09-27 23:29:00,2022-01-07 16:15:00,49,262.0408163265306,28.856122448979594,1413.95,2,1,263,2,0,0,hotel,1
290,2022-09-11 22:15:00,2022-09-11 22:15:00,1,419.0,47.36,47.36,1,1,0,19,0,0,hotel,1
291,2022-09-30 10:22:00,2021-10-05 14:28:00,88,251.8409090909091,24.881704545454546,2189.59,5,1,359,0,0,0,apartment,1
292,2022-09-11 19:04:00,2022-09-11 19:04:00,1,401.0,44.66,44.66,1,1,0,19,0,0,hotel,1
293,2022-09-30 21:02:00,2021-09-30 23:22:00,118,92.87288135593221,15.416101694915254,1819.1,23,8,364,0,0,0,public area,1
294,2022-09-22 21:27:00,2021-10-11 13:48:00,36,392.25,41.132777777777775,1480.78,10,1,346,8,0,0,apartment,1
295,2022-09-25 13:08:00,2022-09-11 21:16:00,7,88.0,4.051428571428572,28.36,6,3,13,5,0,0,resort,0
296,2022-09-11 21:25:00,2022-09-01 21:26:00,3,33.0,24.066666666666663,72.19999999999999,3,1,9,19,0,1,public parking lot,0
297,2022-09-11 15:43:00,2022-09-11 15:43:00,1,360.0,39.76,39.76,1,1,0,19,0,0,hotel,1
298,2022-09-25 16:28:00,2022-08-10 21:26:00,15,123.46666666666667,2.25,33.75,1,1,45,5,0,0,hotel,1
299,2022-09-11 20:38:00,2022-01-17 09:08:00,3,80.33333333333333,13.13,39.39,3,2,237,19,0,0,hotel,1
300,2022-09-16 17:15:00,2022-07-03 13:32:00,8,103.625,6.225,49.8,1,1,75,14,0,0,public area,0
301,2022-09-30 17:32:00,2021-10-04 14:33:00,185,35.42702702702703,12.314864864864864,2278.25,19,5,361,0,0,1,public area,0
302,2022-09-20 16:03:00,2022-04-19 15:28:00,23,404.3478260869565,44.71739130434783,1028.5,4,3,154,10,0,0,apartment,0
303,2022-09-30 09:16:00,2022-07-05 17:52:00,28,37.214285714285715,33.792857142857144,946.2,7,4,86,0,0,1,public institution,0
304,2022-09-26 06:36:00,2021-10-06 18:59:00,180,139.23888888888888,8.144333333333334,1465.98,24,5,354,4,0,0,public institution,0
305,2022-09-11 17:57:00,2022-09-10 19:05:00,2,314.0,31.595,63.19,2,1,0,19,0,0,hotel,0
306,2022-09-11 16:48:00,2022-06-28 12:02:00,3,111.33333333333333,11.846666666666666,35.54,2,2,75,19,0,0,resort,0
307,2022-09-25 19:35:00,2022-06-14 17:28:00,15,57.46666666666667,38.77733333333333,581.66,7,5,103,5,0,1,market,0
308,2022-09-11 16:58:00,2022-09-09 19:13:00,3,93.33333333333333,10.583333333333334,31.75,1,1,1,19,0,0,resort,1
309,2022-09-18 21:10:00,2021-12-12 10:05:00,65,73.6923076923077,8.060307692307692,523.92,29,9,280,12,0,0,golf,0
310,2022-09-28 08:34:00,2022-06-21 17:54:00,22,127.54545454545455,13.93,306.46,2,1,98,2,0,0,public area,1
311,2022-09-21 12:24:00,2021-10-31 11:49:00,3,93.0,5.68,17.04,3,3,325,9,0,0,camping,0
312,2022-09-25 14:24:00,2022-04-09 16:53:00,31,350.48387096774195,22.798709677419353,706.76,10,5,168,5,0,0,apartment,0
313,2022-09-28 14:52:00,2022-04-06 15:07:00,98,42.234693877551024,25.077653061224492,2457.61,10,6,174,2,0,1,public institution,0
314,2022-09-11 13:27:00,2022-09-03 14:45:00,2,105.0,6.34,12.68,2,2,7,19,0,0,public area,0
315,2022-09-11 14:21:00,2022-09-11 14:21:00,1,34.0,30.54,30.54,1,1,0,19,0,1,sightseeing,0
316,2022-09-11 13:53:00,2022-08-20 14:09:00,2,79.0,4.8,9.6,2,1,21,19,0,0,sightseeing,0
317,2022-09-29 20:22:00,2021-10-02 15:42:00,83,346.30120481927713,36.53120481927711,3032.09,8,4,362,1,0,0,public area,1
318,2022-09-18 12:41:00,2022-01-23 19:43:00,26,96.92307692307692,31.842692307692307,827.91,15,6,237,12,0,1,public area,0
319,2022-09-11 12:34:00,2022-08-02 19:41:00,6,40.5,10.215,61.29,5,5,39,19,0,1,market,0
320,2022-09-22 21:16:00,2022-08-10 13:18:00,7,48.285714285714285,36.220000000000006,253.54000000000002,5,3,43,8,0,1,public area,0
321,2022-09-11 12:47:00,2022-09-11 12:47:00,1,1.0,1.5,1.5,1,1,0,19,0,1,public parking lot,0
322,2022-09-11 12:20:00,2022-03-25 16:50:00,20,113.35,14.416,288.32,11,6,169,19,0,1,public parking lot,0
323,2022-09-11 10:27:00,2021-11-16 10:06:00,15,404.3333333333333,45.559999999999995,683.4,4,2,299,19,0,0,public area,1
324,2022-09-29 10:40:00,2022-02-03 11:34:00,134,113.98507462686567,6.693432835820896,896.92,3,2,237,1,0,0,sightseeing,0
325,2022-09-11 07:07:00,2022-01-07 14:36:00,32,185.71875,19.5578125,625.85,7,4,246,19,0,0,apartment,0
326,2022-09-30 08:47:00,2021-10-18 15:20:00,51,33.19607843137255,23.879019607843137,1217.83,27,7,346,0,0,1,public area,0
327,2022-09-11 11:42:00,2022-09-08 07:42:00,4,24.5,17.3425,69.37,3,3,3,19,0,1,public parking lot,0
328,2022-09-17 13:16:00,2022-09-04 11:50:00,4,189.0,20.9,83.6,3,1,13,13,0,0,apartment,1
329,2022-09-30 19:26:00,2021-11-03 07:52:00,79,397.3164556962025,47.911265822784806,3784.99,9,4,331,0,0,0,public area,1
330,2022-09-28 19:46:00,2022-01-09 13:06:00,21,253.71428571428572,32.3947619047619,680.29,18,8,262,2,0,0,apartment,0
331,2022-09-10 21:58:00,2022-05-21 16:58:00,35,130.2,16.369714285714288,572.94,29,8,112,20,0,0,hotel,0
332,2022-09-10 17:37:00,2022-09-10 17:37:00,1,377.0,41.96,41.96,1,1,0,20,0,0,hotel,1
333,2022-09-30 07:28:00,2022-05-27 14:41:00,32,49.21875,15.38125,492.2,27,9,125,0,0,1,public parking lot,0
334,2022-09-24 20:37:00,2021-10-03 09:03:00,23,103.65217391304348,44.12217391304348,1014.8100000000001,4,2,356,6,0,1,apartment,0
335,2022-09-10 18:53:00,2022-09-10 07:48:00,2,147.5,16.675,33.35,2,1,0,20,0,0,resort,1
336,2022-09-27 23:00:00,2022-04-21 09:29:00,47,36.723404255319146,41.132553191489365,1933.23,4,3,159,2,0,1,company,0
338,2022-09-10 19:15:00,2022-09-10 19:15:00,1,75.0,8.55,8.55,1,1,0,20,0,0,public area,1
339,2022-09-10 18:57:00,2021-10-21 14:46:00,57,106.98245614035088,23.51438596491228,1340.32,17,5,324,20,0,0,public area,0
340,2022-09-10 15:14:00,2021-10-17 13:12:00,31,155.61290322580646,24.938064516129035,773.08,14,6,328,20,0,0,public area,1
341,2022-09-10 18:22:00,2022-09-08 21:19:00,3,138.66666666666666,13.5,40.5,2,2,1,20,0,0,resort,0
342,2022-09-25 15:51:00,2022-09-17 11:36:00,4,92.25,5.4475,21.79,4,2,8,5,0,0,sightseeing,0
343,2022-09-29 17:21:00,2021-10-23 06:47:00,77,100.3896103896104,5.605194805194805,431.6,20,6,341,1,0,0,public area,0
345,2022-09-27 12:41:00,2022-05-20 14:49:00,39,47.717948717948715,15.830512820512821,617.39,28,7,129,3,0,1,public area,0
346,2022-09-24 20:14:00,2021-10-10 11:28:00,46,180.54347826086956,6.777391304347826,311.76,20,9,349,6,0,0,resort,0
347,2022-09-10 15:42:00,2022-09-10 15:42:00,1,11.0,1.3,1.3,1,1,0,20,0,0,company,1
348,2022-09-10 13:53:00,2022-05-08 19:44:00,9,85.33333333333333,8.777777777777779,79.0,4,4,124,20,0,0,apartment,0
349,2022-09-30 13:01:00,2022-06-22 14:32:00,38,93.44736842105263,16.661315789473683,633.13,30,8,99,0,0,0,hotel,0
350,2022-09-21 16:17:00,2022-04-21 07:41:00,28,34.035714285714285,22.290714285714284,624.14,13,4,153,9,0,1,public institution,0
351,2022-09-28 18:07:00,2022-08-01 23:32:00,11,284.27272727272725,25.89636363636364,284.86,3,1,57,2,0,0,camping,1
352,2022-09-28 16:49:00,2022-03-11 08:48:00,41,30.804878048780488,10.600975609756098,434.64,31,9,201,2,0,1,public area,0
353,2022-09-26 22:40:00,2021-11-26 23:09:00,22,507.0,55.68954545454546,1225.17,5,1,303,3,0,0,camping,1
354,2022-09-25 20:21:00,2022-01-23 18:10:00,60,299.65,32.642833333333336,1958.57,5,1,245,5,0,0,camping,1
355,2022-09-10 05:45:00,2022-09-08 14:56:00,6,20.666666666666668,8.273333333333333,49.64,2,1,1,20,0,1,public institution,0
356,2022-09-25 14:18:00,2021-10-01 18:41:00,121,110.36363636363636,8.664545454545456,1048.41,29,9,358,5,0,0,camping,1
357,2022-09-28 12:49:00,2021-10-02 18:56:00,56,104.46428571428571,32.692142857142855,1830.76,31,9,360,2,0,1,public parking lot,0
358,2022-09-10 00:44:00,2022-09-09 19:29:00,2,206.5,23.439999999999998,46.879999999999995,1,1,0,20,0,0,resort,1
359,2022-09-29 09:20:00,2022-06-07 21:19:00,26,156.96153846153845,23.12769230769231,601.32,13,6,113,1,0,1,apartment,0
360,2022-09-24 13:21:00,2022-08-06 22:59:00,4,354.25,41.364999999999995,165.45999999999998,3,2,48,6,0,0,public area,1
361,2022-09-09 20:15:00,2022-09-08 18:03:00,2,198.0,20.935000000000002,41.870000000000005,1,1,1,21,0,0,public area,1
362,2022-09-29 22:07:00,2021-09-30 21:05:00,216,123.45833333333333,15.215694444444445,3286.59,47,6,364,1,0,0,public institution,1
363,2022-09-25 16:41:00,2022-09-06 17:25:00,10,273.8,31.043,310.43,1,1,18,5,0,0,public area,1
364,2022-09-20 17:13:00,2022-09-04 09:23:00,3,293.3333333333333,28.733333333333334,86.2,2,1,16,10,0,0,apartment,0
365,2022-09-09 18:21:00,2022-03-04 08:04:00,2,125.5,23.75,47.5,2,2,189,21,0,0,public area,0
366,2022-09-09 17:53:00,2022-09-09 17:53:00,1,41.0,3.21,3.21,1,1,0,21,0,1,public institution,0
367,2022-09-29 19:40:00,2022-02-23 10:19:00,46,133.08695652173913,25.307608695652174,1164.15,9,5,218,1,0,1,public parking lot,0
368,2022-09-27 18:27:00,2021-10-03 18:57:00,25,123.56,4.312,107.8,7,5,358,3,0,0,market,1
369,2022-09-26 21:16:00,2022-03-29 05:08:00,34,38.6764705882353,34.40529411764706,1169.78,7,6,181,4,0,1,public institution,0
370,2022-09-23 12:46:00,2022-01-21 22:38:00,103,236.19417475728156,30.892038834951457,3181.88,10,4,244,7,0,0,company,1
371,2022-09-09 13:18:00,2022-02-17 14:04:00,25,161.0,6.1728,154.32,9,3,203,21,0,0,company,0
372,2022-09-09 12:34:00,2022-09-04 08:47:00,4,157.25,9.25,37.0,2,1,5,21,0,0,apartment,0
373,2022-09-29 13:47:00,2021-11-06 13:56:00,32,44.6875,17.3809375,556.19,15,5,326,1,0,1,market,0
374,2022-09-09 13:08:00,2022-02-04 08:50:00,16,78.375,29.618125,473.89,4,2,217,21,0,1,public institution,0
375,2022-09-26 10:00:00,2021-10-22 17:48:00,48,317.25,31.558333333333334,1514.8,11,1,338,4,0,0,apartment,1
376,2022-09-30 10:28:00,2022-08-22 10:15:00,14,149.35714285714286,15.194999999999999,212.73,2,1,39,0,0,0,resort,1
378,2022-09-20 13:39:00,2021-11-04 12:37:00,55,193.07272727272726,22.917272727272728,1260.45,11,5,320,10,0,0,golf,1
379,2022-09-28 15:14:00,2022-01-07 13:42:00,36,85.38888888888889,9.305277777777778,334.99,8,4,264,2,0,0,golf,1
380,2022-09-09 10:56:00,2022-01-12 20:33:00,6,14.333333333333334,8.843333333333332,53.059999999999995,5,3,239,21,0,1,public institution,0
381,2022-06-13 15:03:00,2021-10-08 15:42:00,12,22.083333333333332,13.045,156.54,9,5,247,109,1,1,public area,0
382,2022-09-09 08:47:00,2022-08-16 18:09:00,3,194.66666666666666,29.95,89.85,3,3,23,21,0,0,public area,0
383,2022-09-17 07:05:00,2021-10-07 21:22:00,72,120.58333333333333,11.403055555555556,821.02,6,2,344,13,0,0,camping,1
384,2022-09-08 21:13:00,2022-09-03 14:18:00,2,364.5,31.195,62.39,2,2,5,22,0,0,public parking lot,0
385,2022-09-30 09:10:00,2021-10-10 16:23:00,75,159.86666666666667,7.676000000000001,575.7,18,8,354,0,0,0,golf,1
386,2022-09-29 15:31:00,2022-08-09 02:38:00,14,381.2857142857143,45.14857142857143,632.08,3,1,51,1,0,0,apartment,1
387,2022-09-28 17:01:00,2022-09-09 00:29:00,4,349.75,39.769999999999996,159.07999999999998,2,1,19,2,0,0,public area,1
388,2022-09-29 20:07:00,2021-09-30 22:13:00,30,510.73333333333335,47.169333333333334,1415.08,10,1,363,1,0,0,apartment,1
389,2022-09-28 22:08:00,2021-10-15 19:14:00,52,134.59615384615384,33.074230769230766,1719.86,15,5,348,2,0,1,public parking lot,0
390,2022-09-30 15:04:00,2021-09-30 21:39:00,81,227.1604938271605,27.224074074074075,2205.15,8,6,364,0,0,0,company,1
391,2022-09-24 16:49:00,2021-09-30 20:48:00,72,358.4166666666667,38.20402777777778,2750.69,2,1,358,6,0,0,public area,1
392,2022-09-08 20:16:00,2022-09-07 21:16:00,3,172.66666666666666,19.26,57.78,2,1,0,22,0,0,hotel,1
393,2022-09-08 17:35:00,2022-09-08 17:02:00,2,217.5,23.65,47.3,1,1,0,22,0,0,hotel,1
394,2022-09-08 21:22:00,2022-09-03 21:08:00,2,92.5,55.864999999999995,111.72999999999999,2,1,5,22,0,1,restaurant,0
395,2022-09-08 19:38:00,2022-09-08 19:38:00,1,197.0,22.3,22.3,1,1,0,22,0,0,hotel,1
396,2022-09-29 19:30:00,2021-10-12 15:10:00,75,67.72,12.382666666666667,928.7,44,8,352,1,0,1,company,0
397,2022-09-08 18:42:00,2022-09-08 18:42:00,1,176.0,19.58,19.58,1,1,0,22,0,0,resort,1
398,2022-09-06 12:42:00,2022-09-06 12:42:00,1,52.0,3.12,3.12,1,1,0,24,0,0,hotel,0
399,2022-09-30 12:46:00,2022-08-26 18:11:00,7,213.71428571428572,25.797142857142855,180.57999999999998,2,1,34,0,0,0,public area,1
400,2022-09-26 21:38:00,2022-09-08 12:45:00,6,57.0,29.66,177.96,3,3,18,4,0,1,sightseeing,0
401,2022-09-26 14:39:00,2021-10-06 09:13:00,73,137.23287671232876,15.642602739726028,1141.91,5,1,355,4,0,0,company,1
402,2022-09-26 17:11:00,2022-04-15 15:40:00,21,39.76190476190476,24.149047619047618,507.13,7,3,164,4,0,1,public area,0
403,2022-09-30 12:47:00,2021-10-05 17:48:00,79,295.62025316455697,30.475949367088607,2407.6,3,2,359,0,0,0,apartment,1
404,2022-09-08 13:40:00,2022-09-06 18:31:00,2,175.0,19.939999999999998,39.879999999999995,2,1,1,22,0,0,hotel,1
405,2022-09-23 19:16:00,2022-06-07 22:01:00,19,246.57894736842104,37.398421052631576,710.5699999999999,15,6,107,7,0,0,public area,0
406,2022-09-08 13:52:00,2022-02-02 22:13:00,12,221.75,25.223333333333333,302.68,5,1,217,22,0,0,apartment,1
407,2022-09-20 09:56:00,2021-10-02 15:01:00,55,52.36363636363637,15.608,858.44,16,5,352,10,0,1,public institution,0
408,2022-09-17 19:26:00,2022-09-01 20:41:00,3,39.666666666666664,44.75666666666667,134.27,2,1,15,13,0,0,public area,1
409,2022-09-30 07:51:00,2022-03-04 10:02:00,29,359.62068965517244,42.2603448275862,1225.55,6,1,209,0,0,0,company,1
410,2022-09-30 10:12:00,2022-02-28 13:30:00,46,173.7173913043478,10.080652173913043,463.71,5,4,213,0,0,0,hotel,1
411,2022-09-08 05:19:00,2022-09-08 05:19:00,1,489.0,53.6,53.6,1,1,0,22,0,0,public area,1
412,2022-09-29 13:24:00,2022-05-08 21:20:00,27,42.55555555555556,11.982222222222221,323.52,19,8,143,1,0,1,sightseeing,0
413,2022-09-24 12:06:00,2021-11-19 16:14:00,88,34.02272727272727,23.517954545454543,2069.58,22,6,308,6,0,1,public parking lot,0
414,2022-09-27 22:21:00,2022-07-07 22:17:00,12,46.0,31.736666666666668,380.84000000000003,6,4,82,3,0,1,company,0
415,2022-09-28 08:51:00,2022-02-25 13:58:00,32,250.1875,28.85625,923.4,3,1,214,2,0,0,company,1
416,2022-09-08 10:50:00,2022-06-20 08:58:00,34,110.05882352941177,17.123823529411766,582.21,26,8,80,22,0,1,public parking lot,0
417,2022-09-08 09:39:00,2022-07-10 18:04:00,6,63.0,3.5766666666666667,21.46,4,3,59,22,0,0,market,0
418,2022-09-30 07:42:00,2021-10-22 08:31:00,66,37.515151515151516,20.68287878787879,1365.07,3,3,342,0,0,1,public area,0
419,2022-09-27 06:52:00,2022-06-24 06:51:00,24,208.54166666666666,12.290416666666665,294.96999999999997,7,3,95,3,0,0,public area,1
420,2022-09-29 21:52:00,2021-10-01 18:35:00,35,80.05714285714286,10.969999999999999,383.95,17,5,363,1,0,1,public parking lot,0
421,2022-09-08 00:58:00,2022-01-01 16:07:00,18,33.833333333333336,25.409444444444446,457.37,9,2,249,22,0,1,public area,0
422,2022-09-23 18:34:00,2021-10-02 13:15:00,71,388.90140845070425,43.077323943661966,3058.49,2,1,356,7,0,0,public institution,1
423,2022-09-28 12:19:00,2021-10-07 10:58:00,74,42.229729729729726,19.438513513513513,1438.45,29,4,356,2,0,1,public area,0
424,2022-09-29 21:09:00,2021-11-06 03:24:00,78,40.52564102564103,29.25346153846154,2281.77,23,6,327,1,0,1,company,0
425,2022-09-16 17:21:00,2021-10-07 11:48:00,68,99.8529411764706,17.7275,1205.47,19,6,344,14,0,1,public area,0
426,2022-09-22 21:07:00,2022-05-13 09:14:00,24,89.875,19.597083333333334,470.33,8,4,132,8,0,1,public area,0
427,2022-09-07 21:36:00,2021-10-08 11:12:00,27,40.96296296296296,23.741481481481483,641.02,16,4,334,23,0,1,public area,0
428,2022-09-29 20:56:00,2021-10-17 11:16:00,46,35.21739130434783,17.343260869565217,797.79,22,6,347,1,0,1,public parking lot,0
429,2022-09-20 18:26:00,2022-08-06 14:18:00,4,53.25,17.1175,68.47,3,3,45,10,0,1,company,0
430,2022-09-07 19:14:00,2022-09-07 19:14:00,1,82.0,4.87,4.87,1,1,0,23,0,0,hotel,1
431,2022-09-30 20:11:00,2021-10-12 22:32:00,111,35.62162162162162,13.137117117117118,1458.22,38,8,352,0,0,1,public area,0
432,2022-09-07 18:19:00,2022-01-18 20:25:00,15,34.8,19.895333333333333,298.43,10,5,231,23,0,1,public parking lot,0
433,2022-09-07 17:43:00,2022-07-18 13:36:00,12,49.25,38.1925,458.31,3,2,51,23,0,1,public area,0
434,2022-09-29 15:13:00,2021-10-06 09:54:00,144,88.54861111111111,10.454236111111111,1505.41,10,3,358,1,0,0,apartment,1
435,2022-09-26 10:58:00,2022-01-28 16:29:00,20,76.7,5.6445,112.89,5,3,240,4,0,0,market,1
436,2022-09-30 13:44:00,2022-01-01 16:39:00,77,57.064935064935064,3.418311688311688,263.21,36,9,271,0,0,0,market,0
437,2022-09-21 15:51:00,2021-11-02 12:00:00,31,33.645161290322584,19.861612903225808,615.71,5,3,323,9,0,1,public institution,0
438,2022-09-05 13:32:00,2022-08-28 15:56:00,3,83.33333333333333,6.6499999999999995,19.95,2,2,7,25,0,0,public parking lot,0
439,2022-09-22 20:09:00,2021-10-15 19:39:00,131,186.64885496183206,26.125267175572517,3422.41,33,7,342,8,0,0,resort,1
440,2022-09-07 12:13:00,2022-08-13 08:58:00,5,43.4,17.990000000000002,89.95,4,2,25,23,0,1,public area,0
441,2022-09-28 08:37:00,2022-08-11 06:59:00,10,32.2,26.020999999999997,260.21,4,3,48,2,0,1,public parking lot,0
442,2022-09-16 10:21:00,2022-08-25 10:51:00,4,456.5,29.7825,119.13,2,1,21,14,0,0,apartment,0
443,2022-09-07 10:55:00,2021-10-06 09:00:00,157,34.35668789808917,11.99343949044586,1882.97,45,9,336,23,0,1,public institution,0
444,2022-09-30 09:52:00,2022-06-24 14:36:00,15,184.33333333333334,18.73,280.95,4,1,97,0,0,0,apartment,1
445,2022-09-06 17:28:00,2022-09-06 17:28:00,1,960.0,12.08,12.08,1,1,0,24,0,0,hotel,0
446,2022-09-07 08:45:00,2022-08-31 13:35:00,3,43.666666666666664,20.333333333333332,61.0,3,3,6,23,0,1,hotel,0
447,2022-09-28 16:38:00,2022-02-02 14:22:00,34,34.85294117647059,21.328235294117647,725.16,3,2,238,2,0,1,public parking lot,0
448,2022-09-30 08:22:00,2021-11-26 12:46:00,134,49.55223880597015,17.666044776119403,2367.25,29,9,307,0,0,1,public area,0
449,2022-09-22 05:22:00,2021-10-01 03:01:00,51,139.2549019607843,12.515490196078431,638.29,1,1,356,8,0,0,company,1
450,2022-09-25 23:14:00,2021-10-02 02:56:00,67,368.02985074626866,42.2789552238806,2832.69,3,2,358,4,0,0,golf,1
451,2022-09-06 21:53:00,2022-09-06 20:02:00,2,184.5,19.985,39.97,1,1,0,24,0,0,hotel,1
452,2022-09-30 05:39:00,2022-01-22 09:08:00,73,215.0,25.49,1860.77,6,4,250,0,0,0,company,1
453,2022-09-26 16:57:00,2022-01-21 13:04:00,39,237.89743589743588,26.92717948717949,1050.16,5,1,248,4,0,0,apartment,1
454,2022-09-30 18:11:00,2022-05-16 12:45:00,7,150.57142857142858,8.985714285714286,62.9,4,2,137,0,0,0,public institution,0
455,2022-09-29 23:13:00,2022-01-01 09:55:00,56,210.08928571428572,11.119285714285713,622.68,6,1,271,0,0,0,apartment,0
456,2022-09-06 11:24:00,2022-09-05 16:51:00,2,25.5,29.66,59.32,2,1,0,24,0,1,public area,0
457,2022-09-06 18:24:00,2022-03-13 15:19:00,18,170.0,11.788333333333334,212.19,3,1,177,24,0,0,company,1
458,2022-09-30 17:54:00,2022-03-23 10:46:00,20,239.85,26.234499999999997,524.6899999999999,4,1,191,0,0,0,apartment,1
459,2022-09-06 17:52:00,2022-09-06 17:52:00,1,40.0,16.9,16.9,1,1,0,24,0,1,public area,0
460,2022-09-06 16:06:00,2022-02-25 10:28:00,44,333.1136363636364,36.593636363636364,1610.1200000000001,2,1,193,24,0,0,resort,1
461,2022-09-27 22:29:00,2021-12-07 18:52:00,57,239.68421052631578,26.52315789473684,1511.82,6,2,294,3,0,0,apartment,1
462,2022-09-24 22:26:00,2022-09-06 15:35:00,3,46.666666666666664,44.443333333333335,133.33,2,1,18,6,0,1,company,0
463,2022-09-30 07:08:00,2021-10-15 18:05:00,144,98.70833333333333,5.663055555555555,815.48,14,8,349,0,0,0,apartment,0
464,2022-09-28 14:13:00,2022-05-03 15:57:00,53,28.132075471698112,18.185849056603775,963.85,22,9,147,2,0,1,apartment,0
465,2022-09-06 12:36:00,2022-09-06 12:36:00,1,40.0,9.51,9.51,1,1,0,24,0,1,public parking lot,0
466,2022-09-29 11:35:00,2021-10-02 20:17:00,80,36.95,26.629624999999997,2130.37,9,3,361,1,0,1,public area,0
467,2022-09-29 16:55:00,2022-01-04 18:35:00,49,271.734693877551,27.285714285714285,1337.0,4,2,267,1,0,0,golf,1
468,2022-09-05 17:06:00,2022-09-05 17:06:00,1,5.0,3.83,3.83,1,1,0,25,0,1,public area,0
469,2022-09-28 18:15:00,2022-06-15 08:19:00,39,89.2051282051282,15.916410256410257,620.74,20,4,105,2,0,0,company,0
470,2022-09-05 14:06:00,2022-09-05 14:06:00,1,114.0,12.96,12.96,1,1,0,25,0,0,hotel,1
471,2022-09-05 09:17:00,2021-10-14 18:14:00,8,31.75,16.865000000000002,134.92000000000002,8,4,325,25,0,1,market,0
472,2022-09-29 17:36:00,2022-05-30 11:40:00,19,337.2631578947368,36.23684210526316,688.5,4,2,122,1,0,0,apartment,0
473,2022-09-04 19:33:00,2021-10-01 09:11:00,24,231.58333333333334,31.889166666666668,765.34,12,5,338,26,0,0,public area,1
474,2022-09-30 13:18:00,2021-10-17 08:26:00,40,65.15,14.03025,561.21,29,5,348,0,0,1,public institution,0
475,2022-09-21 21:48:00,2022-08-15 12:50:00,7,78.42857142857143,21.01571428571429,147.11,3,1,37,9,0,1,apartment,0
476,2022-09-21 15:16:00,2021-11-25 14:42:00,44,25.386363636363637,14.394545454545455,633.36,18,6,300,9,0,1,public area,0
477,2022-09-04 15:52:00,2022-09-04 15:52:00,1,35.0,14.6,14.6,1,1,0,26,0,1,public parking lot,0
478,2022-09-04 13:12:00,2022-08-04 17:06:00,7,62.285714285714285,5.347142857142857,37.43,3,2,30,26,0,0,company,1
479,2022-09-24 20:11:00,2022-05-20 11:41:00,41,151.9512195121951,19.207560975609756,787.51,35,8,127,6,0,1,resort,0
480,2022-09-27 13:21:00,2022-08-23 09:37:00,3,137.33333333333334,15.526666666666666,46.58,2,1,35,3,0,0,resort,1
481,2022-09-17 14:25:00,2021-12-28 17:54:00,41,330.0,33.930243902439024,1391.1399999999999,5,1,262,13,0,0,apartment,1
482,2022-09-29 06:04:00,2021-10-19 16:45:00,17,174.23529411764707,20.25470588235294,344.33,2,1,344,1,0,0,golf,1
483,2022-09-01 18:43:00,2022-09-01 18:43:00,1,320.0,35.06,35.06,1,1,0,29,0,0,hotel,0
484,2022-09-29 23:17:00,2022-04-01 13:55:00,43,157.32558139534885,8.854883720930232,380.76,2,2,181,0,0,0,resort,1
485,2022-09-03 18:54:00,2022-09-03 17:45:00,2,9.0,6.710000000000001,13.420000000000002,2,1,0,27,0,1,public area,0
486,2022-09-03 17:17:00,2022-01-04 17:25:00,35,38.02857142857143,25.246285714285715,883.62,1,1,241,27,0,1,apartment,0
487,2022-09-03 15:34:00,2022-03-26 17:38:00,9,86.55555555555556,5.609999999999999,50.489999999999995,3,3,160,27,0,0,company,0
488,2022-09-03 14:02:00,2021-10-03 13:54:00,5,27.6,18.832,94.16,3,2,335,27,0,1,public area,0
489,2022-09-03 12:57:00,2022-09-03 12:57:00,1,80.0,7.6,7.6,1,1,0,27,0,0,camping,1
490,2022-09-25 12:44:00,2022-07-13 14:44:00,17,103.76470588235294,8.899411764705881,151.29,8,2,73,5,0,0,apartment,0
491,2022-09-26 18:41:00,2022-08-16 11:11:00,5,147.8,16.41,82.05,4,2,41,4,0,0,apartment,0
492,2022-09-20 14:37:00,2021-12-03 10:16:00,66,174.22727272727272,20.967727272727274,1383.8700000000001,6,4,291,10,0,0,resort,1
493,2022-09-22 12:43:00,2022-04-30 15:31:00,12,192.83333333333334,32.119166666666665,385.43,7,4,144,8,0,0,public area,0
494,2022-09-02 21:07:00,2022-09-02 21:07:00,1,421.0,47.41,47.41,1,1,0,28,0,0,hotel,1
495,2022-09-03 01:24:00,2022-07-13 14:42:00,2,170.0,19.15,38.3,2,1,51,27,0,0,apartment,1
496,2022-09-27 13:25:00,2022-05-18 23:10:00,27,176.25925925925927,17.778518518518517,480.02,21,8,131,3,0,1,public area,0
497,2022-09-26 07:21:00,2022-05-15 13:59:00,30,40.1,32.039,961.17,4,2,133,4,0,1,public institution,0
498,2022-09-28 18:48:00,2022-04-30 10:02:00,15,31.066666666666666,19.62933333333333,294.44,7,4,151,2,0,1,public parking lot,0
499,2022-09-02 17:56:00,2022-09-02 17:56:00,1,33.0,35.9,35.9,1,1,0,28,0,1,market,0
500,2022-09-02 17:36:00,2022-08-13 09:56:00,13,31.53846153846154,18.163076923076922,236.12,6,3,20,28,0,1,public institution,0
501,2022-09-02 16:42:00,2022-09-02 16:42:00,1,74.0,7.79,7.79,1,1,0,28,0,0,market,1
502,2022-09-02 16:38:00,2022-03-15 14:45:00,5,51.6,2.526,12.629999999999999,3,2,171,28,0,0,public institution,0
503,2022-09-26 17:20:00,2022-04-21 15:04:00,22,83.77272727272727,4.530454545454545,99.67,8,4,158,4,0,0,public institution,1
504,2022-09-01 21:36:00,2021-12-05 18:28:00,3,495.0,30.98,92.94,2,2,270,29,0,0,apartment,0
505,2022-09-02 10:00:00,2022-09-02 10:00:00,1,6.0,3.59,3.59,1,1,0,28,0,1,public institution,0
506,2022-09-01 20:24:00,2022-02-05 21:25:00,5,506.4,43.012,215.06,2,1,207,29,0,0,resort,0
507,2022-09-27 18:38:00,2021-10-02 09:02:00,75,355.1066666666667,42.547066666666666,3191.03,8,2,360,3,0,0,apartment,1
508,2022-09-29 18:27:00,2022-01-07 20:40:00,23,159.52173913043478,20.80391304347826,478.49,8,3,264,1,0,0,apartment,1
510,2022-09-21 11:51:00,2021-10-03 10:03:00,35,269.74285714285713,9.355714285714285,327.45,4,2,353,9,0,0,public parking lot,0
511,2022-09-29 14:05:00,2022-07-29 15:28:00,17,86.6470588235294,9.638235294117647,163.85,9,2,61,1,0,0,hotel,1
512,2022-09-20 14:51:00,2021-12-04 15:16:00,36,94.02777777777777,21.274166666666666,765.87,21,7,289,10,0,1,market,0
513,2022-09-01 09:52:00,2021-11-25 19:39:00,20,405.1,46.5755,931.51,2,1,279,29,0,0,public area,1
514,2022-09-22 16:50:00,2021-10-01 16:16:00,37,118.51351351351352,13.34108108108108,493.62,6,2,356,8,0,0,apartment,1
515,2022-09-01 14:00:00,2022-05-16 16:38:00,26,53.03846153846154,10.17153846153846,264.46,25,7,107,29,0,1,public parking lot,0
516,2022-09-01 13:21:00,2021-12-30 15:24:00,10,20.6,6.483,64.83,9,4,244,29,0,1,public area,0
517,2022-09-30 18:34:00,2022-03-02 09:13:00,20,55.05,27.754,555.08,5,3,212,0,0,1,public area,0
518,2022-09-01 07:53:00,2022-08-21 05:36:00,4,111.0,12.1725,48.69,2,1,11,29,0,0,camping,1
519,2022-09-01 09:49:00,2022-08-24 19:06:00,3,130.0,10.703333333333333,32.11,1,1,7,29,0,0,resort,0
520,2022-09-17 19:28:00,2022-07-09 19:22:00,8,113.625,11.27375,90.19,4,3,70,13,0,0,public area,1
521,2022-09-01 09:12:00,2022-09-01 09:12:00,1,30.0,3.59,3.59,1,1,0,29,0,0,resort,1
522,2022-09-01 08:51:00,2022-08-29 11:02:00,3,107.0,20.836666666666666,62.51,2,2,2,29,0,0,resort,0
523,2022-09-01 07:05:00,2022-09-01 07:05:00,1,38.0,25.34,25.34,1,1,0,29,0,1,public area,0
524,2022-08-31 20:30:00,2022-08-31 20:30:00,1,667.0,50.94,50.94,1,1,0,30,0,0,resort,1
525,2022-08-31 18:57:00,2022-01-22 12:56:00,19,326.89473684210526,6.341578947368421,120.49,11,3,221,30,0,0,resort,0
526,2022-09-19 20:49:00,2022-08-31 23:02:00,2,342.5,37.915,75.83,2,1,18,11,0,0,apartment,1
527,2022-09-28 22:55:00,2021-10-02 13:23:00,58,135.74137931034483,7.989310344827586,463.38,10,6,361,1,0,0,public area,0
528,2022-09-30 05:08:00,2021-12-23 23:09:00,30,348.06666666666666,40.07533333333333,1202.26,2,1,280,0,0,0,public area,1
529,2022-08-31 21:46:00,2022-08-31 21:46:00,1,250.0,27.23,27.23,1,1,0,30,0,0,resort,1
530,2022-08-31 20:30:00,2022-08-31 20:30:00,1,231.0,25.42,25.42,1,1,0,30,0,0,hotel,1
531,2022-09-30 22:37:00,2022-09-30 22:37:00,1,75.0,8.49,8.49,1,1,0,0,0,0,resort,1
532,2022-09-30 21:46:00,2022-06-08 10:05:00,6,94.16666666666667,10.465,62.79,3,1,114,0,0,0,apartment,1
533,2022-09-30 19:45:00,2022-06-13 13:43:00,7,174.57142857142858,10.005714285714287,70.04,3,2,109,0,0,0,apartment,0
534,2022-09-30 21:25:00,2022-01-12 10:07:00,5,179.6,9.152,45.76,4,4,261,0,0,0,resort,0
535,2022-09-30 15:14:00,2022-09-30 15:14:00,1,379.0,43.98,43.98,1,1,0,0,0,0,public parking lot,0
536,2022-09-30 20:50:00,2022-09-19 23:12:00,14,33.357142857142854,22.457857142857144,314.41,6,4,10,0,0,1,public institution,0
537,2022-09-30 13:56:00,2022-05-28 19:20:00,7,447.2857142857143,50.785714285714285,355.5,2,1,124,0,0,0,apartment,0
538,2022-09-30 16:55:00,2022-09-22 16:03:00,4,119.0,13.01,52.04,1,1,8,0,0,0,public area,1
539,2022-09-30 18:46:00,2022-09-16 21:11:00,10,124.8,28.416000000000004,284.16,7,4,13,0,0,1,public institution,0
540,2022-09-30 18:37:00,2022-09-24 17:33:00,5,24.2,20.568,102.84,4,3,6,0,0,1,public parking lot,0
541,2022-09-30 17:57:00,2022-05-20 18:59:00,25,102.96,8.7444,218.61,15,6,132,0,0,0,public area,0
542,2022-09-30 15:25:00,2022-09-22 12:31:00,2,175.0,15.815000000000001,31.630000000000003,2,2,8,0,0,0,hotel,0
543,2022-09-30 14:39:00,2022-09-27 20:31:00,5,253.2,28.604000000000003,143.02,2,1,2,0,0,0,apartment,1
544,2022-09-30 16:23:00,2022-09-25 14:13:00,2,71.5,46.980000000000004,93.96000000000001,2,2,5,0,0,1,public area,0
545,2022-09-30 17:05:00,2021-10-01 10:47:00,35,19.571428571428573,10.405999999999999,364.21,26,7,364,0,0,1,public area,0
546,2022-09-30 14:29:00,2022-09-27 15:30:00,3,55.333333333333336,18.150000000000002,54.45,3,3,2,0,0,1,market,0
547,2022-09-30 14:36:00,2022-03-08 13:23:00,19,112.42105263157895,6.884736842105263,130.81,12,5,206,0,0,0,public area,0
548,2022-09-30 12:28:00,2022-09-30 12:28:00,1,139.0,8.6,8.6,1,1,0,0,0,0,sightseeing,0
549,2022-09-30 12:54:00,2021-10-03 17:58:00,10,66.4,17.049,170.49,7,5,361,0,0,1,market,0
550,2022-09-30 13:24:00,2022-09-30 13:24:00,1,7.0,0.77,0.77,1,1,0,0,0,0,public area,1
551,2022-09-30 10:24:00,2022-09-30 10:24:00,1,133.0,14.86,14.86,1,1,0,0,0,0,resort,0
553,2022-09-30 09:29:00,2021-10-30 15:55:00,31,53.03225806451613,7.316129032258065,226.8,25,8,334,0,0,0,public area,0
554,2022-09-30 09:43:00,2021-11-13 09:24:00,27,46.44444444444444,19.37,522.99,2,2,321,0,0,1,public parking lot,0
555,2022-09-29 21:53:00,2022-09-28 12:54:00,2,860.5,25.005,50.01,2,1,1,1,0,0,resort,0
556,2022-09-29 22:04:00,2022-08-19 20:50:00,3,579.3333333333334,48.53,145.59,3,2,41,1,0,0,market,1
557,2022-09-29 21:52:00,2022-09-21 18:07:00,11,86.54545454545455,24.586363636363636,270.45,3,1,8,1,0,0,apartment,1
558,2022-09-29 23:36:00,2021-11-02 13:57:00,13,78.3076923076923,2.8230769230769233,36.7,10,4,331,0,0,0,public area,0
559,2022-09-29 16:48:00,2022-09-29 16:48:00,1,453.0,51.59,51.59,1,1,0,1,0,0,hotel,1
560,2022-09-29 20:43:00,2022-02-11 16:18:00,13,68.92307692307692,6.993076923076923,90.91,4,2,230,1,0,0,public area,1
561,2022-09-29 13:55:00,2022-09-24 12:10:00,2,148.0,8.655,17.31,2,1,5,1,0,0,public area,0
562,2022-09-29 15:33:00,2022-01-07 19:20:00,15,39.86666666666667,24.074,361.11,6,2,264,1,0,1,public institution,0
563,2022-09-29 14:54:00,2022-09-29 14:54:00,1,37.0,26.03,26.03,1,1,0,1,0,1,sightseeing,0
564,2022-09-29 13:16:00,2022-09-22 18:58:00,5,65.2,22.119999999999997,110.6,5,3,6,1,0,1,sightseeing,0
565,2022-09-29 12:54:00,2022-02-11 20:27:00,3,54.0,3.6466666666666665,10.94,3,2,229,1,0,0,hotel,1
566,2022-09-29 01:05:00,2022-09-25 00:58:00,2,321.5,36.99,73.98,1,1,4,1,0,0,hotel,1
567,2022-09-28 18:48:00,2022-09-21 19:12:00,7,320.42857142857144,26.9,188.29999999999998,4,1,6,2,0,0,apartment,1
568,2022-09-28 23:31:00,2022-04-07 12:03:00,8,29.75,12.862499999999999,102.89999999999999,6,4,174,1,0,1,public area,0
569,2022-09-28 18:27:00,2022-09-28 15:44:00,2,106.5,12.33,24.66,2,1,0,2,0,0,hotel,1
570,2022-09-28 19:59:00,2022-09-28 19:59:00,1,44.0,28.12,28.12,1,1,0,2,0,1,restaurant,0
571,2022-09-28 19:20:00,2022-05-20 16:47:00,17,83.82352941176471,18.068823529411766,307.17,15,8,131,2,0,1,sightseeing,0
572,2022-09-28 17:35:00,2022-01-10 20:12:00,10,281.1,10.818000000000001,108.18,5,4,260,2,0,0,apartment,0
573,2022-09-28 16:27:00,2022-09-17 08:54:00,7,51.57142857142857,24.25857142857143,169.81,4,3,11,2,0,1,public area,0
574,2022-09-28 11:56:00,2021-10-01 17:44:00,25,32.24,21.421999999999997,535.55,20,5,361,2,0,1,public area,0
575,2022-09-28 10:59:00,2022-09-19 12:18:00,13,51.0,5.767692307692308,74.98,9,2,8,2,0,0,public institution,0
576,2022-09-28 11:44:00,2022-09-26 16:27:00,5,47.0,19.055999999999997,95.27999999999999,5,3,1,2,0,1,public area,0
577,2022-09-28 10:36:00,2022-09-27 16:12:00,2,114.5,41.995000000000005,83.99000000000001,2,1,0,2,0,1,company,0
578,2022-09-27 22:21:00,2022-09-27 22:21:00,1,480.0,53.31,53.31,1,1,0,3,0,0,resort,1
579,2022-09-27 20:34:00,2022-05-28 11:29:00,14,205.14285714285714,23.13357142857143,323.87,14,6,122,3,0,0,sightseeing,0
580,2022-09-27 23:20:00,2022-09-27 23:20:00,1,292.0,33.02,33.02,1,1,0,2,0,0,hotel,1
581,2022-09-27 23:08:00,2022-09-27 18:31:00,2,146.5,17.05,34.1,1,1,0,2,0,0,apartment,1
582,2022-09-27 21:32:00,2021-10-15 19:05:00,73,35.02739726027397,18.06150684931507,1318.49,19,4,347,3,0,1,public parking lot,0
583,2022-09-27 20:02:00,2022-09-20 16:57:00,5,33.4,20.606,103.03,2,2,7,3,0,1,company,0
584,2022-09-27 17:11:00,2021-11-11 14:05:00,5,56.2,7.864,39.32,5,3,320,3,0,0,camping,1
585,2022-04-29 22:10:00,2022-03-14 06:34:00,5,56.2,7.2620000000000005,36.31,5,4,46,154,1,0,resort,0
586,2022-09-27 15:18:00,2022-08-13 18:55:00,6,78.5,3.8350000000000004,23.01,3,2,44,3,0,0,market,1
587,2022-09-27 13:28:00,2022-09-27 13:28:00,1,77.0,8.7,8.7,1,1,0,3,0,0,sightseeing,0
590,2022-09-26 20:44:00,2022-09-25 21:11:00,2,257.5,28.355,56.71,2,1,0,4,0,0,resort,1
591,2022-09-26 17:55:00,2022-09-26 17:55:00,1,451.0,50.67,50.67,1,1,0,4,0,0,resort,1
592,2022-09-26 22:09:00,2022-09-26 18:42:00,2,20.5,12.225000000000001,24.450000000000003,1,1,0,4,0,1,company,0
594,2022-09-26 12:14:00,2021-10-01 08:30:00,65,262.2923076923077,25.964615384615385,1687.7,1,1,360,4,0,0,company,1
596,2022-09-26 11:57:00,2022-08-18 22:41:00,3,103.0,5.9366666666666665,17.81,2,2,38,4,0,0,public parking lot,0
597,2022-09-26 11:09:00,2022-01-20 14:13:00,7,67.28571428571429,3.8314285714285714,26.82,5,3,248,4,0,0,public area,1
598,2022-09-26 10:16:00,2022-03-02 13:54:00,41,249.6341463414634,27.318780487804876,1120.07,5,3,207,4,0,0,company,1
599,2022-09-26 11:07:00,2022-01-07 16:26:00,38,102.28947368421052,13.867894736842105,526.98,18,8,261,4,0,1,company,0
600,2022-09-26 08:53:00,2022-09-24 14:48:00,2,33.0,17.275,34.55,2,2,1,4,0,1,hotel,0
601,2022-09-26 08:12:00,2022-09-26 08:12:00,1,19.0,14.65,14.65,1,1,0,4,0,1,restaurant,0
602,2022-09-25 22:18:00,2022-09-25 22:18:00,1,559.0,60.02,60.02,1,1,0,5,0,0,resort,1
603,2022-09-25 22:53:00,2021-10-27 22:59:00,34,381.7352941176471,42.70058823529411,1451.82,11,2,332,4,0,0,public institution,0
604,2022-09-25 22:52:00,2022-09-25 22:52:00,1,197.0,21.13,21.13,1,1,0,4,0,0,resort,1
605,2022-09-25 20:06:00,2022-08-18 16:57:00,2,32.0,5.1450000000000005,10.290000000000001,2,2,38,5,0,1,public area,0
606,2022-09-25 19:50:00,2022-08-12 14:00:00,8,34.375,23.36625,186.93,4,4,44,5,0,1,public area,0
607,2022-09-25 19:27:00,2022-09-16 15:23:00,3,104.33333333333333,6.226666666666667,18.68,1,1,9,5,0,0,hotel,1
608,2022-09-25 18:13:00,2022-09-23 13:17:00,3,20.333333333333332,18.00333333333333,54.00999999999999,3,2,2,5,0,1,public area,0
609,2022-09-25 16:42:00,2022-09-22 17:48:00,6,28.166666666666668,16.653333333333332,99.92,6,5,2,5,0,1,public parking lot,0
610,2022-09-25 15:52:00,2022-09-19 08:07:00,3,83.33333333333333,8.71,26.130000000000003,2,1,6,5,0,0,market,1
611,2022-09-25 12:59:00,2022-02-08 10:57:00,28,62.67857142857143,28.05857142857143,785.64,12,6,229,5,0,1,golf,0
612,2022-09-18 10:24:00,2022-04-24 17:56:00,4,81.5,22.9275,91.71,4,3,146,12,0,1,sightseeing,0
613,2022-09-19 10:58:00,2022-09-19 10:58:00,1,82.0,9.3,9.3,1,1,0,11,0,0,public area,1
614,2022-09-25 08:56:00,2022-08-09 10:54:00,3,47.333333333333336,15.703333333333333,47.11,3,2,46,5,0,1,public area,0
615,2022-09-25 07:52:00,2021-10-02 13:49:00,29,42.689655172413794,13.653793103448276,395.96,12,6,357,5,0,1,public parking lot,0
616,2022-09-25 04:55:00,2022-09-25 04:55:00,1,22.0,31.63,31.63,1,1,0,5,0,1,hotel,0
618,2022-09-24 17:59:00,2022-09-24 17:59:00,1,497.0,58.29,58.29,1,1,0,6,0,0,restaurant,1
620,2022-09-24 20:50:00,2022-09-24 20:50:00,1,175.0,19.68,19.68,1,1,0,6,0,0,resort,1
621,2022-09-24 19:21:00,2022-07-28 11:28:00,9,57.0,11.76,105.84,6,5,58,6,0,0,public area,1
622,2022-09-24 17:58:00,2022-09-24 17:58:00,1,90.0,7.22,7.22,1,1,0,6,0,0,hotel,0
623,2022-09-24 16:27:00,2022-08-06 16:52:00,5,34.4,16.522,82.61,4,4,48,6,0,1,public institution,0
624,2022-09-22 19:29:00,2022-09-22 19:29:00,1,37.0,3.48,3.48,1,1,0,8,0,0,market,1
625,2022-09-24 15:02:00,2022-09-24 15:02:00,1,17.0,1.97,1.97,1,1,0,6,0,0,public area,0
626,2022-09-17 15:38:00,2022-09-17 15:38:00,1,136.0,8.23,8.23,1,1,0,13,0,0,public area,0
627,2022-09-24 12:41:00,2021-10-01 12:03:00,167,163.9880239520958,9.55622754491018,1595.89,8,4,358,6,0,0,hotel,0
628,2022-09-24 06:21:00,2022-02-27 13:32:00,12,80.5,9.5275,114.33,5,2,208,6,0,0,apartment,0
629,2022-09-23 19:53:00,2022-09-23 19:53:00,1,617.0,32.8,32.8,1,1,0,7,0,0,hotel,1
630,2022-09-23 20:16:00,2022-09-22 22:50:00,2,245.0,26.85,53.7,1,1,0,7,0,0,resort,1
631,2022-09-23 00:10:00,2021-12-08 13:01:00,10,88.0,9.988,99.88,9,6,288,7,0,1,hotel,0
632,2022-09-22 18:12:00,2022-09-22 18:12:00,1,455.0,29.97,29.97,1,1,0,8,0,0,resort,1
633,2022-09-22 20:23:00,2022-09-15 21:27:00,7,212.14285714285714,23.194285714285712,162.35999999999999,5,1,6,8,0,0,resort,1
634,2022-09-22 16:37:00,2021-12-03 21:41:00,46,345.45652173913044,38.61391304347826,1776.24,5,1,292,8,0,0,apartment,1
635,2022-09-22 16:59:00,2022-09-22 16:59:00,1,40.0,29.39,29.39,1,1,0,8,0,1,public parking lot,0
636,2022-09-22 14:21:00,2021-10-08 15:50:00,34,157.88235294117646,15.977941176470589,543.25,7,4,348,8,0,0,apartment,0
637,2022-09-22 16:18:00,2022-09-19 15:13:00,3,32.666666666666664,18.98,56.940000000000005,3,3,3,8,0,1,market,0
638,2022-09-22 13:21:00,2022-09-22 13:21:00,1,28.0,57.63,57.63,1,1,0,8,0,1,public area,0
639,2022-09-22 13:42:00,2022-09-22 13:42:00,1,22.0,12.4,12.4,1,1,0,8,0,1,public institution,0
640,2022-09-22 12:03:00,2021-12-29 12:03:00,7,98.28571428571429,5.672857142857143,39.71,2,2,267,8,0,0,resort,0
641,2022-09-22 12:23:00,2022-09-18 13:05:00,2,32.0,24.939999999999998,49.879999999999995,2,1,3,8,0,1,public area,0
642,2022-09-22 11:43:00,2021-10-05 16:47:00,8,30.5,17.6275,141.02,7,4,351,8,0,1,public area,0
643,2022-09-22 10:42:00,2022-05-27 10:51:00,22,103.81818181818181,17.277727272727272,380.11,18,6,117,8,0,1,public area,0
644,2022-09-21 18:29:00,2022-09-21 18:29:00,1,389.0,43.53,43.53,1,1,0,9,0,0,resort,1
645,2022-09-21 17:14:00,2022-04-25 15:23:00,11,184.0,18.83818181818182,207.22,4,4,149,9,0,0,company,0
646,2022-09-21 19:56:00,2022-08-02 20:02:00,4,163.5,18.235,72.94,3,2,49,9,0,0,hotel,1
647,2022-09-21 19:48:00,2022-09-21 19:48:00,1,41.0,26.28,26.28,1,1,0,9,0,1,market,0
651,2022-09-21 06:53:00,2022-09-20 07:10:00,2,117.0,12.49,24.98,2,1,0,9,0,0,resort,1
652,2022-09-20 20:48:00,2022-09-20 20:47:00,2,255.5,27.209999999999997,54.419999999999995,1,1,0,10,0,0,market,1
653,2022-09-21 00:37:00,2022-09-21 00:37:00,1,182.0,21.74,21.74,1,1,0,9,0,0,resort,1
655,2022-09-20 20:00:00,2022-09-18 20:26:00,2,209.5,23.365000000000002,46.730000000000004,2,1,1,10,0,0,resort,1
656,2022-09-20 14:34:00,2022-09-20 14:34:00,1,57.0,20.72,20.72,1,1,0,10,0,1,company,0
657,2022-09-20 11:26:00,2022-01-06 16:22:00,54,212.72222222222223,11.955925925925927,645.62,4,2,256,10,0,0,restaurant,0
658,2022-09-20 12:52:00,2022-07-03 17:29:00,33,95.84848484848484,12.870606060606061,424.73,25,8,78,10,0,1,hotel,0
659,2022-09-20 09:41:00,2022-09-19 10:13:00,2,127.0,15.004999999999999,30.009999999999998,2,1,0,10,0,0,resort,1
660,2022-09-20 10:13:00,2022-09-20 10:13:00,1,64.0,7.23,7.23,1,1,0,10,0,0,resort,1
661,2022-09-20 07:07:00,2022-09-20 07:07:00,1,212.0,12.44,12.44,1,1,0,10,0,0,public area,1
662,2022-09-20 09:57:00,2021-10-06 14:51:00,14,77.35714285714286,13.39,187.46,12,7,348,10,0,0,company,0
663,2022-09-20 09:41:00,2022-01-11 11:41:00,23,76.17391304347827,24.367391304347827,560.45,12,6,251,10,0,1,public parking lot,0
664,2022-09-19 19:53:00,2022-09-18 17:31:00,2,229.0,26.12,52.24,1,1,1,11,0,0,resort,1
665,2022-09-19 17:09:00,2022-09-19 17:09:00,1,180.0,19.69,19.69,1,1,0,11,0,0,hotel,1
666,2022-09-19 18:14:00,2022-09-18 16:12:00,8,11.625,1.19625,9.57,2,2,1,11,0,0,hotel,1
667,2022-09-19 17:31:00,2021-11-08 18:11:00,13,91.84615384615384,6.84,88.92,9,5,314,11,0,0,camping,0
668,2022-09-19 15:53:00,2021-10-07 17:08:00,27,72.37037037037037,24.651481481481483,665.59,7,4,346,11,0,1,market,0
669,2022-09-19 11:26:00,2022-09-19 11:26:00,1,40.0,29.9,29.9,1,1,0,11,0,1,public parking lot,0
670,2022-09-19 11:13:00,2022-01-17 15:16:00,3,71.0,23.143333333333334,69.43,3,3,244,11,0,1,company,0
671,2022-09-19 08:59:00,2021-12-16 14:32:00,56,29.535714285714285,16.511785714285715,924.66,18,6,276,11,0,1,public parking lot,0
672,2022-09-18 18:06:00,2022-09-18 18:06:00,1,362.0,40.05,40.05,1,1,0,12,0,0,hotel,1
673,2022-09-18 16:23:00,2022-09-18 16:23:00,1,43.0,4.71,4.71,1,1,0,12,0,0,hotel,1
674,2022-09-18 10:39:00,2022-09-18 10:39:00,1,20.0,12.58,12.58,1,1,0,12,0,1,public area,0
675,2022-09-17 18:53:00,2022-09-17 18:53:00,1,422.0,45.12,45.12,1,1,0,13,0,0,hotel,1
676,2022-09-17 19:22:00,2022-03-25 08:29:00,8,253.375,14.28875,114.31,3,2,176,13,0,0,resort,0
677,2022-09-17 17:59:00,2022-09-17 17:59:00,1,322.0,35.19,35.19,1,1,0,13,0,0,resort,1
678,2022-09-17 15:09:00,2022-09-17 15:09:00,1,433.0,46.83,46.83,1,1,0,13,0,0,public parking lot,0
679,2022-09-17 18:41:00,2022-09-17 18:41:00,1,35.0,18.01,18.01,1,1,0,13,0,1,public area,0
680,2022-09-17 15:40:00,2022-09-17 15:40:00,1,144.0,7.42,7.42,1,1,0,13,0,0,resort,0
681,2022-09-17 11:01:00,2021-10-02 07:27:00,26,231.1153846153846,27.38576923076923,712.03,1,1,350,13,0,0,public area,1
682,2022-09-17 13:43:00,2022-05-19 14:37:00,3,161.66666666666666,15.266666666666667,45.800000000000004,2,1,120,13,0,0,resort,1
684,2022-09-17 11:25:00,2022-03-17 12:00:00,54,44.75925925925926,5.256296296296296,283.84,10,5,183,13,0,0,apartment,1
685,2022-09-17 09:17:00,2022-09-17 09:17:00,1,91.0,3.58,3.58,1,1,0,13,0,0,resort,1
686,2022-09-16 18:47:00,2021-11-09 12:55:00,4,525.75,59.762499999999996,239.04999999999998,1,1,311,14,0,0,public area,1
687,2022-09-16 20:21:00,2022-09-16 20:20:00,2,12.5,0.405,0.81,1,1,0,14,0,0,market,1
688,2022-09-16 14:15:00,2021-10-18 11:46:00,8,50.375,5.3412500000000005,42.730000000000004,4,3,333,14,0,0,market,1
689,2022-09-16 08:31:00,2022-09-16 08:27:00,2,14.0,10.18,20.36,1,1,0,14,0,1,resort,0
690,2022-09-15 18:16:00,2021-10-13 20:33:00,22,397.72727272727275,46.87954545454545,1031.35,6,4,336,15,0,0,apartment,1
691,2022-09-15 17:23:00,2022-09-15 17:23:00,1,416.0,39.99,39.99,1,1,0,15,0,0,resort,1
692,2022-08-15 16:32:00,2022-08-15 16:32:00,1,170.0,9.97,9.97,1,1,0,46,0,0,public parking lot,0
694,2022-08-16 16:56:00,2022-08-15 16:22:00,5,79.6,7.818,39.089999999999996,3,1,1,45,0,0,resort,1
695,2022-08-15 19:40:00,2022-08-14 20:05:00,2,209.5,12.065,24.13,2,1,0,46,0,0,resort,0
696,2022-08-16 19:19:00,2022-08-14 18:55:00,5,73.2,7.5,37.5,3,1,2,45,0,0,resort,1
697,2022-08-28 14:21:00,2022-03-02 09:14:00,24,117.25,5.4745833333333325,131.39,9,5,179,33,0,0,restaurant,1
698,2022-08-16 13:28:00,2022-07-29 14:52:00,12,25.75,17.995,215.94,8,5,17,45,0,1,public parking lot,0
699,2022-08-25 15:53:00,2022-08-15 20:49:00,7,20.857142857142858,13.652857142857142,95.57,6,4,9,36,0,1,public institution,0
700,2022-08-20 10:17:00,2022-08-14 16:45:00,11,70.72727272727273,8.15,89.65,1,1,5,41,0,0,hotel,0
701,2022-08-18 18:41:00,2022-08-15 17:17:00,6,99.5,9.575,57.449999999999996,3,3,3,43,0,0,hotel,0
702,2022-08-19 15:19:00,2022-08-04 08:55:00,14,62.285714285714285,14.200000000000001,198.8,12,5,15,42,0,1,public area,0
703,2022-08-27 10:34:00,2022-07-23 06:23:00,23,68.52173913043478,12.11304347826087,278.6,16,6,35,34,0,0,public area,0
704,2022-08-18 12:21:00,2022-04-30 21:51:00,37,83.94594594594595,7.423243243243244,274.66,10,4,109,43,0,0,hotel,0
705,2022-08-15 17:55:00,2022-08-15 13:52:00,3,13.666666666666666,0.7999999999999999,2.4,1,1,0,46,0,0,hotel,1
706,2022-08-15 17:49:00,2021-11-27 09:39:00,23,36.91304347826087,12.803478260869566,294.48,8,3,261,46,0,1,public institution,0
707,2022-08-17 06:40:00,2022-08-15 16:53:00,3,96.33333333333333,9.566666666666666,28.7,3,1,1,44,0,0,resort,1
708,2022-08-21 13:43:00,2021-11-13 13:55:00,29,108.06896551724138,6.267931034482759,181.77,16,7,280,40,0,0,public institution,0
709,2022-08-16 18:24:00,2022-08-16 18:24:00,1,40.0,24.52,24.52,1,1,0,45,0,1,public institution,0
710,2022-08-15 16:15:00,2022-08-15 16:15:00,1,1.0,0.07,0.07,1,1,0,46,0,0,hotel,0
711,2022-08-22 12:44:00,2022-08-15 15:29:00,3,45.666666666666664,18.78,56.34,2,2,6,39,0,1,public institution,0
712,2022-08-15 14:16:00,2022-08-12 06:56:00,8,36.75,16.115000000000002,128.92000000000002,7,4,3,46,0,1,public area,0
713,2022-08-21 09:57:00,2022-08-04 22:24:00,12,226.75,25.385,304.62,4,1,16,40,0,0,apartment,1
714,2022-08-27 21:03:00,2022-04-29 11:44:00,42,92.23809523809524,9.632619047619048,404.57,16,7,120,34,0,0,company,0
715,2022-08-15 10:14:00,2022-08-06 15:02:00,9,97.88888888888889,5.333333333333333,48.0,4,2,8,46,0,0,hotel,0
716,2022-08-29 08:30:00,2022-05-21 13:34:00,26,95.0,18.72153846153846,486.76,23,6,99,32,0,1,public area,0
717,2022-08-25 19:56:00,2021-10-02 23:01:00,45,508.93333333333334,41.815777777777775,1881.71,4,3,326,36,0,0,public institution,1
718,2022-08-29 14:56:00,2021-11-09 07:15:00,108,94.21296296296296,5.5092592592592595,595.0,8,3,293,32,0,0,public area,0
719,2022-08-18 14:27:00,2022-08-07 15:37:00,8,262.625,10.75375,86.03,7,4,10,43,0,0,public parking lot,0
720,2022-08-29 19:51:00,2021-10-03 17:19:00,215,197.13488372093022,22.578511627906977,4854.38,8,2,330,32,0,0,apartment,1
721,2022-08-14 19:57:00,2022-08-14 19:57:00,1,165.0,6.81,6.81,1,1,0,47,0,0,apartment,0
722,2022-08-14 18:24:00,2022-08-14 18:24:00,1,215.0,23.35,23.35,1,1,0,47,0,0,hotel,1
723,2022-08-14 20:50:00,2022-07-18 11:53:00,3,43.0,17.926666666666666,53.78,2,2,27,47,0,1,public area,0
724,2022-08-20 13:50:00,2022-08-07 13:19:00,2,19.5,13.004999999999999,26.009999999999998,2,2,13,41,0,1,market,0
725,2022-08-14 19:34:00,2022-07-19 13:44:00,19,77.15789473684211,8.249473684210527,156.74,11,5,26,47,0,0,hotel,1
726,2022-08-19 15:17:00,2022-08-13 19:13:00,3,294.0,18.626666666666665,55.879999999999995,3,3,5,42,0,0,hotel,0
727,2022-08-14 18:50:00,2022-08-06 18:22:00,2,42.0,23.770000000000003,47.540000000000006,1,1,8,47,0,1,market,0
728,2022-08-14 17:58:00,2022-08-13 10:09:00,2,66.0,6.5,13.0,2,1,1,47,0,0,apartment,0
729,2022-08-14 16:09:00,2022-08-14 16:09:00,1,150.0,16.62,16.62,1,1,0,47,0,0,hotel,1
730,2022-08-14 16:45:00,2022-08-14 16:45:00,1,39.0,2.12,2.12,1,1,0,47,0,0,hotel,0
731,2022-08-14 14:13:00,2022-08-13 14:37:00,2,116.0,6.63,13.26,2,2,0,47,0,0,market,0
732,2022-08-18 11:25:00,2021-12-15 16:48:00,17,259.05882352941177,32.56470588235294,553.6,8,4,245,43,0,0,resort,0
733,2022-08-16 12:55:00,2022-08-16 12:55:00,1,25.0,1.5,1.5,1,1,0,45,0,0,public institution,0
734,2022-08-14 13:30:00,2022-03-24 19:00:00,2,93.5,10.255,20.51,2,2,142,47,0,0,hotel,0
736,2022-08-20 09:58:00,2021-11-18 18:49:00,37,26.486486486486488,11.856756756756756,438.7,15,7,274,41,0,1,public institution,0
737,2022-08-14 10:41:00,2022-08-14 10:41:00,1,135.0,8.44,8.44,1,1,0,47,0,0,public area,0
738,2022-08-19 18:23:00,2021-10-02 13:58:00,55,362.58181818181816,42.47145454545454,2335.93,14,4,321,42,0,0,public parking lot,0
739,2022-08-20 12:03:00,2022-08-11 15:24:00,3,105.33333333333333,9.926666666666668,29.78,2,1,8,41,0,0,apartment,0
740,2022-08-21 20:23:00,2022-08-14 10:55:00,7,150.57142857142858,18.16,127.12,4,3,7,40,0,0,apartment,0
741,2022-08-14 08:59:00,2022-08-11 21:23:00,3,225.33333333333334,24.47666666666667,73.43,1,1,2,47,0,0,resort,1
742,2022-08-14 07:53:00,2022-08-12 19:43:00,2,298.0,32.01,64.02,2,1,1,47,0,0,resort,1
743,2022-08-14 07:10:00,2022-08-13 20:54:00,2,175.5,20.18,40.36,1,1,0,47,0,0,public area,1
744,2022-08-14 06:55:00,2022-08-14 06:55:00,1,20.0,9.27,9.27,1,1,0,47,0,1,sightseeing,0
745,2022-08-13 21:37:00,2022-08-13 21:37:00,1,540.0,61.67,61.67,1,1,0,48,0,0,resort,1
746,2022-08-13 23:15:00,2022-08-07 21:01:00,4,259.25,30.380000000000003,121.52000000000001,2,1,6,47,0,0,public area,1
747,2022-08-13 20:37:00,2022-08-10 19:45:00,3,174.0,18.96,56.88,2,2,3,48,0,0,resort,1
748,2022-08-13 20:42:00,2022-06-26 07:55:00,6,181.5,19.841666666666665,119.05,3,2,48,48,0,0,public area,1
749,2022-08-13 18:59:00,2022-07-16 10:35:00,10,277.3,13.413,134.13,7,7,28,48,0,0,resort,0
750,2022-08-13 21:29:00,2022-08-13 21:29:00,1,88.0,9.19,9.19,1,1,0,48,0,0,market,1
751,2022-08-13 22:12:00,2022-08-08 17:52:00,13,25.307692307692307,15.303846153846154,198.95,5,3,5,48,0,1,market,0
752,2022-08-19 19:28:00,2022-07-23 08:35:00,16,63.375,27.6475,442.36,9,3,27,42,0,1,public institution,0
753,2022-08-13 17:51:00,2022-08-07 19:10:00,6,248.0,14.049999999999999,84.3,6,4,5,48,0,0,hotel,0
754,2022-08-13 20:47:00,2021-11-08 15:37:00,7,40.42857142857143,21.341428571428573,149.39000000000001,7,5,278,48,0,1,public area,0
755,2022-08-13 16:49:00,2022-08-13 15:24:00,3,90.66666666666667,9.94,29.82,2,1,0,48,0,0,hotel,1
756,2022-08-13 17:55:00,2022-08-13 17:55:00,1,125.0,7.36,7.36,1,1,0,48,0,0,hotel,0
757,2022-08-13 16:55:00,2022-08-11 12:45:00,6,40.333333333333336,8.06,48.36,3,3,2,48,0,0,public institution,0
758,2022-08-16 12:15:00,2022-07-16 19:35:00,6,217.0,25.141666666666666,150.85,3,2,30,45,0,0,apartment,0
759,2022-08-13 15:41:00,2022-08-11 22:12:00,2,317.0,18.655,37.31,2,1,1,48,0,0,resort,0
760,2022-08-16 09:42:00,2022-08-13 17:32:00,2,40.0,35.165,70.33,1,1,2,45,0,1,public institution,0
761,2022-08-13 14:57:00,2022-08-13 14:57:00,1,148.0,16.37,16.37,1,1,0,48,0,0,resort,1
762,2022-08-21 15:30:00,2022-07-13 07:52:00,14,101.71428571428571,9.644285714285715,135.02,2,1,39,40,0,0,resort,0
763,2022-08-13 15:26:00,2022-08-13 15:26:00,1,69.0,7.7,7.7,1,1,0,48,0,0,resort,1
765,2022-08-18 16:55:00,2022-06-13 18:18:00,11,54.72727272727273,30.14090909090909,331.55,1,1,65,43,0,1,market,0
766,2022-08-28 16:48:00,2022-07-28 01:18:00,22,147.5909090909091,7.012727272727273,154.28,10,6,31,33,0,0,public institution,1
767,2022-08-13 14:16:00,2022-08-11 18:25:00,2,107.0,6.195,12.39,2,2,1,48,0,0,resort,0
768,2022-08-21 16:45:00,2021-12-19 16:13:00,49,51.673469387755105,16.663673469387756,816.52,30,7,245,40,0,1,public parking lot,0
769,2022-08-27 16:38:00,2021-12-02 16:06:00,52,77.75,27.122884615384617,1410.39,17,5,268,34,0,1,public area,0
770,2022-08-13 10:51:00,2022-08-13 10:51:00,1,40.0,3.75,3.75,1,1,0,48,0,0,market,1
771,2022-08-13 09:50:00,2022-08-07 19:35:00,5,39.6,13.286000000000001,66.43,5,4,5,48,0,1,public area,0
772,2022-08-13 07:24:00,2022-08-13 06:10:00,2,45.5,5.1000000000000005,10.200000000000001,1,1,0,48,0,0,public area,0
773,2022-08-12 22:34:00,2022-08-12 17:47:00,2,253.0,28.68,57.36,1,1,0,49,0,0,hotel,1
774,2022-08-31 08:22:00,2022-07-08 10:18:00,7,336.42857142857144,35.542857142857144,248.8,2,1,53,30,0,0,public institution,0
775,2022-08-13 01:00:00,2022-08-13 01:00:00,1,179.0,20.1,20.1,1,1,0,48,0,0,hotel,1
776,2022-08-12 21:44:00,2022-08-12 21:44:00,1,324.0,36.45,36.45,1,1,0,49,0,0,hotel,1
777,2022-08-12 21:35:00,2022-08-12 21:35:00,1,262.0,27.69,27.69,1,1,0,49,0,0,resort,1
778,2022-08-12 19:57:00,2022-08-10 20:32:00,3,203.33333333333334,21.636666666666667,64.91,3,1,1,49,0,0,resort,1
779,2022-08-12 20:45:00,2022-08-12 19:02:00,2,150.0,16.695,33.39,1,1,0,49,0,0,resort,1
780,2022-08-12 23:18:00,2022-08-12 23:18:00,1,33.0,19.6,19.6,1,1,0,48,0,1,apartment,0
781,2022-08-12 22:13:00,2022-07-02 23:03:00,2,52.5,37.17,74.34,2,1,40,49,0,1,public parking lot,0
782,2022-08-23 08:38:00,2022-02-21 18:37:00,21,719.0952380952381,13.550476190476191,284.56,4,2,182,38,0,0,apartment,0
783,2022-08-12 19:58:00,2022-08-12 19:58:00,1,30.0,3.13,3.13,1,1,0,49,0,0,hotel,1
784,2022-08-12 18:57:00,2022-08-08 13:45:00,5,43.0,12.734000000000002,63.67000000000001,5,4,4,49,0,1,sightseeing,0
785,2022-08-12 18:57:00,2022-01-14 15:25:00,7,37.857142857142854,22.27857142857143,155.95,5,4,210,49,0,1,market,0
786,2022-08-12 17:12:00,2022-08-11 22:00:00,2,37.0,14.075,28.15,2,1,0,49,0,1,public area,0
787,2022-08-11 17:34:00,2022-08-11 15:49:00,2,73.5,6.71,13.42,1,1,0,50,0,0,resort,0
788,2022-08-26 17:44:00,2022-01-05 16:38:00,40,31.925,13.5615,542.46,15,4,233,35,0,1,sightseeing,0
789,2022-08-12 14:49:00,2022-08-12 14:49:00,1,9.0,7.06,7.06,1,1,0,49,0,1,public institution,0
790,2022-08-12 11:13:00,2022-08-10 08:00:00,3,128.33333333333334,7.46,22.38,3,3,2,49,0,0,public area,0
791,2022-08-12 09:28:00,2021-10-07 22:24:00,28,46.357142857142854,22.02607142857143,616.73,4,1,308,49,0,1,public area,0
792,2022-08-12 12:09:00,2022-01-27 20:10:00,9,69.55555555555556,3.8577777777777778,34.72,6,5,196,49,0,0,public parking lot,0
793,2022-08-11 20:19:00,2022-08-11 20:19:00,1,650.0,24.5,24.5,1,1,0,50,0,0,resort,1
794,2022-08-27 17:14:00,2022-01-01 20:05:00,57,213.94736842105263,10.714385964912282,610.72,1,1,237,34,0,0,apartment,0
795,2022-08-11 20:02:00,2022-08-11 20:02:00,1,311.0,35.53,35.53,1,1,0,50,0,0,resort,1
796,2022-08-11 19:13:00,2022-08-10 21:35:00,2,388.5,37.61,75.22,2,1,0,50,0,0,resort,1
797,2022-08-24 13:00:00,2022-08-07 05:38:00,5,122.4,9.93,49.65,3,3,17,37,0,0,restaurant,1
800,2022-08-11 18:28:00,2022-08-10 20:23:00,2,222.5,24.765,49.53,2,1,0,50,0,0,hotel,1
801,2022-08-11 17:40:00,2022-08-09 19:59:00,2,180.0,19.935000000000002,39.870000000000005,2,1,1,50,0,0,resort,1
802,2022-08-25 10:26:00,2022-08-09 13:14:00,4,104.5,9.035,36.14,4,3,15,36,0,0,resort,0
803,2022-08-11 17:46:00,2021-12-28 17:56:00,27,72.5925925925926,8.009629629629629,216.26,5,3,225,50,0,0,public area,0
804,2022-08-11 17:25:00,2022-08-08 12:16:00,5,60.4,6.456,32.28,2,2,3,50,0,0,public area,1
805,2022-07-30 18:18:00,2022-07-30 18:18:00,1,1.0,0.1,0.1,1,1,0,62,1,0,market,1
806,2022-08-11 14:41:00,2022-05-16 15:10:00,15,69.4,17.922,268.83,13,8,86,50,0,1,restaurant,0
807,2022-08-11 14:30:00,2022-03-11 15:51:00,23,87.52173913043478,8.521739130434783,196.0,11,5,152,50,0,0,apartment,1
808,2022-08-22 11:33:00,2022-06-30 09:59:00,26,96.07692307692308,9.465384615384615,246.1,3,1,53,39,0,0,apartment,0
809,2022-08-11 13:03:00,2022-08-11 13:03:00,1,32.0,3.5,3.5,1,1,0,50,0,0,public institution,0
810,2022-08-11 12:13:00,2022-08-09 10:25:00,2,76.0,8.530000000000001,17.060000000000002,2,2,2,50,0,0,company,0
811,2022-08-11 09:06:00,2022-08-04 13:18:00,2,118.0,9.87,19.74,2,2,6,50,0,0,hotel,1
812,2022-08-11 11:48:00,2021-10-01 14:30:00,163,135.30061349693253,25.028098159509202,4079.58,55,8,313,50,0,1,public area,0
813,2022-08-11 08:38:00,2022-08-07 12:02:00,3,42.666666666666664,14.36,43.08,3,3,3,50,0,1,public area,0
814,2022-08-10 20:18:00,2022-08-10 20:18:00,1,540.0,59.96,59.96,1,1,0,51,0,0,resort,1
815,2022-08-10 20:31:00,2022-08-10 18:10:00,2,293.5,33.26,66.52,2,1,0,51,0,0,resort,1
816,2022-08-10 17:03:00,2022-08-07 20:21:00,3,306.0,29.899999999999995,89.69999999999999,2,2,2,51,0,0,sightseeing,0
817,2022-08-10 19:24:00,2022-08-10 19:24:00,1,258.0,27.06,27.06,1,1,0,51,0,0,hotel,1
818,2022-08-10 19:34:00,2021-11-05 14:30:00,5,149.6,8.431999999999999,42.16,4,3,278,51,0,0,hotel,0
819,2022-08-10 21:23:00,2022-08-10 21:23:00,1,67.0,49.11,49.11,1,1,0,51,0,0,hotel,0
820,2022-08-10 19:24:00,2022-03-08 19:14:00,47,115.87234042553192,15.24404255319149,716.47,9,4,155,51,0,0,public area,0
821,2022-08-10 21:03:00,2021-12-18 19:42:00,4,27.25,12.77,51.08,3,2,235,51,0,1,public area,0
823,2022-08-10 16:01:00,2022-08-10 16:01:00,1,175.0,21.04,21.04,1,1,0,51,0,0,company,0
824,2022-08-30 22:48:00,2021-10-07 11:10:00,38,14.105263157894736,10.19078947368421,387.25,25,6,327,30,0,1,market,0
825,2022-08-10 15:32:00,2022-08-10 15:32:00,1,56.0,3.33,3.33,1,1,0,51,0,0,public area,1
826,2022-08-10 14:40:00,2022-01-10 11:26:00,5,135.0,16.137999999999998,80.69,2,1,212,51,0,0,golf,1
827,2022-08-10 15:32:00,2021-12-28 09:35:00,23,126.30434782608695,29.011304347826087,667.26,8,4,225,51,0,1,restaurant,0
828,2022-08-10 15:17:00,2022-08-10 15:17:00,1,15.0,8.95,8.95,1,1,0,51,0,1,public area,0
829,2022-08-10 14:04:00,2022-06-04 16:01:00,7,83.57142857142857,4.951428571428571,34.66,5,4,66,51,0,0,apartment,0
830,2022-08-10 11:15:00,2022-04-08 09:04:00,3,192.66666666666666,11.58,34.74,1,1,124,51,0,0,public area,1
831,2022-08-10 12:37:00,2022-07-21 15:21:00,8,45.75,20.494999999999997,163.95999999999998,6,4,19,51,0,1,public parking lot,0
832,2022-08-10 11:03:00,2022-04-23 10:16:00,2,59.0,14.85,29.7,2,1,109,51,0,0,public area,0
833,2022-08-10 09:57:00,2022-08-10 09:57:00,1,33.0,20.49,20.49,1,1,0,51,0,1,apartment,0
834,2022-08-10 02:08:00,2022-03-02 23:16:00,6,368.8333333333333,39.03333333333333,234.2,3,1,160,51,0,0,apartment,1
835,2022-08-28 00:45:00,2021-12-19 17:01:00,15,441.1333333333333,48.31133333333333,724.67,4,1,251,33,0,0,camping,1
836,2022-08-10 01:04:00,2022-08-03 13:16:00,4,466.75,10.6125,42.45,4,2,6,51,0,0,public area,0
838,2022-08-09 22:27:00,2022-07-21 17:10:00,14,289.35714285714283,13.596428571428572,190.35,3,2,19,52,0,0,resort,1
839,2022-08-10 01:46:00,2021-10-11 00:46:00,4,75.25,14.76,59.04,3,2,303,51,0,0,hotel,0
840,2022-08-09 20:10:00,2022-08-07 22:20:00,2,300.0,33.11,66.22,1,1,1,52,0,0,resort,1
842,2022-08-09 19:53:00,2022-08-07 16:06:00,4,180.0,9.9125,39.65,4,3,2,52,0,0,public parking lot,0
843,2022-08-16 16:32:00,2022-01-23 18:37:00,32,160.21875,18.4296875,589.75,3,2,204,45,0,0,company,1
844,2022-08-09 18:16:00,2022-07-30 16:05:00,10,143.7,7.882,78.82,3,2,10,52,0,0,apartment,1
845,2022-08-23 17:21:00,2022-08-20 13:11:00,10,71.8,4.199,41.99,8,6,3,38,0,0,company,0
846,2022-08-09 15:36:00,2022-08-05 14:47:00,3,189.66666666666666,20.333333333333332,61.0,2,2,4,52,0,0,resort,1
848,2022-08-09 14:24:00,2021-12-05 10:33:00,5,50.6,4.168,20.84,5,3,247,52,0,0,public institution,0
849,2022-08-09 14:09:00,2022-08-05 06:55:00,9,32.333333333333336,13.094444444444443,117.85,7,3,4,52,0,1,sightseeing,0
850,2022-08-09 10:03:00,2022-03-06 11:21:00,4,87.75,10.7225,42.89,2,1,155,52,0,1,public area,0
851,2022-08-21 13:05:00,2022-03-08 11:35:00,15,59.0,36.92066666666666,553.81,8,3,166,40,0,1,market,0
852,2022-08-09 08:38:00,2021-12-30 18:13:00,50,60.28,7.0796,353.98,7,3,221,52,0,0,hotel,1
853,2022-08-08 21:44:00,2022-08-08 21:44:00,1,540.0,61.66,61.66,1,1,0,53,0,0,hotel,1
854,2022-08-08 23:20:00,2022-08-08 20:37:00,2,125.0,14.35,28.7,1,1,0,52,0,0,hotel,1
855,2022-08-21 21:03:00,2021-10-23 14:52:00,11,58.54545454545455,26.525454545454544,291.78,5,3,302,40,0,1,public parking lot,0
856,2022-08-08 13:18:00,2022-08-03 11:55:00,10,91.5,5.4670000000000005,54.67,9,6,5,53,0,0,hotel,0
857,2022-08-08 14:50:00,2022-08-08 14:50:00,1,55.0,6.3,6.3,1,1,0,53,0,0,apartment,0
858,2022-08-08 13:53:00,2022-07-30 12:03:00,4,121.75,13.0575,52.23,4,2,9,53,0,0,public area,0
859,2022-08-08 15:15:00,2022-08-08 15:15:00,1,5.0,0.5,0.5,1,1,0,53,0,0,sightseeing,0
860,2022-08-31 14:48:00,2021-10-07 09:40:00,21,43.333333333333336,4.637619047619047,97.39,1,1,328,30,0,0,company,1
861,2022-08-08 14:03:00,2022-08-06 22:19:00,2,35.5,22.28,44.56,2,2,1,53,0,1,public parking lot,0
862,2022-08-25 18:40:00,2021-12-05 13:42:00,7,56.42857142857143,3.281428571428571,22.97,6,3,263,36,0,0,market,0
863,2022-08-23 13:25:00,2022-01-04 13:28:00,31,37.32258064516129,15.507741935483871,480.74,3,3,230,38,0,1,public parking lot,0
864,2022-08-22 12:15:00,2021-10-30 14:03:00,24,49.041666666666664,18.4525,442.86,18,9,295,39,0,1,market,0
865,2022-08-07 21:37:00,2022-08-07 21:34:00,2,270.0,29.515,59.03,1,1,0,54,0,0,resort,1
866,2022-08-07 22:36:00,2022-08-06 18:44:00,2,374.0,40.900000000000006,81.80000000000001,2,1,1,54,0,0,resort,1
868,2022-08-07 19:38:00,2022-07-23 23:05:00,6,155.16666666666666,17.041666666666668,102.25,2,1,14,54,0,0,public area,1
869,2022-08-30 21:52:00,2021-11-09 13:15:00,16,65.9375,7.083125,113.33,7,4,294,31,0,0,public institution,0
870,2022-08-07 19:36:00,2022-08-07 19:36:00,1,41.0,34.43,34.43,1,1,0,54,0,1,sightseeing,0
871,2022-08-07 19:23:00,2022-08-07 19:23:00,1,27.0,20.27,20.27,1,1,0,54,0,1,public area,0
872,2022-08-07 15:00:00,2022-08-07 15:00:00,1,273.0,28.52,28.52,1,1,0,54,0,0,hotel,1
873,2022-08-07 18:14:00,2022-07-13 00:48:00,4,38.5,23.9025,95.61,3,3,25,54,0,1,public parking lot,0
874,2022-08-07 15:58:00,2022-08-06 19:49:00,2,245.0,28.025,56.05,2,2,0,54,0,0,company,1
875,2022-08-07 17:31:00,2022-08-07 17:31:00,1,20.0,11.96,11.96,1,1,0,54,0,1,public area,0
876,2022-08-07 15:32:00,2022-08-07 15:32:00,1,60.0,3.38,3.38,1,1,0,54,0,0,market,1
877,2022-08-07 10:00:00,2021-10-23 17:23:00,26,134.1153846153846,13.600000000000001,353.6,2,1,287,54,0,0,apartment,1
878,2022-08-07 12:55:00,2022-08-07 12:55:00,1,117.0,7.2,7.2,1,1,0,54,0,0,apartment,0
879,2022-08-07 14:41:00,2022-08-07 14:41:00,1,9.0,3.55,3.55,1,1,0,54,0,1,public institution,0
880,2022-08-07 14:12:00,2021-11-27 16:38:00,52,31.403846153846153,12.37923076923077,643.72,8,5,252,54,0,1,public parking lot,0
882,2022-08-07 12:16:00,2022-08-05 13:21:00,8,29.25,16.3575,130.86,6,3,1,54,0,1,public area,0
883,2022-08-07 11:39:00,2022-07-28 15:44:00,5,51.6,3.012,15.06,5,3,9,54,0,0,public area,0
884,2022-08-07 06:36:00,2022-08-06 12:35:00,2,110.5,6.84,13.68,2,2,0,54,0,0,public parking lot,0
885,2022-08-06 22:09:00,2022-08-06 22:09:00,1,374.0,40.96,40.96,1,1,0,55,0,0,resort,1
886,2022-08-06 23:12:00,2021-10-04 12:24:00,41,131.90243902439025,13.339999999999998,546.9399999999999,2,2,306,54,0,0,company,1
887,2022-08-06 18:33:00,2022-07-21 17:22:00,15,276.93333333333334,13.428666666666667,201.43,3,2,16,55,0,0,resort,1
888,2022-08-19 13:11:00,2022-06-25 17:58:00,14,57.214285714285715,16.907857142857143,236.71,14,4,54,42,0,1,public parking lot,0
889,2022-08-06 19:58:00,2022-08-03 06:46:00,4,112.25,23.9275,95.71,4,3,3,55,0,0,resort,0
890,2022-08-06 13:58:00,2022-08-01 18:35:00,7,159.71428571428572,24.970000000000002,174.79000000000002,3,2,4,55,0,0,public area,1
891,2022-08-06 17:02:00,2022-07-31 17:41:00,3,189.0,10.966666666666667,32.9,1,1,5,55,0,0,public area,1
892,2022-08-30 11:16:00,2021-10-03 14:44:00,31,120.64516129032258,7.2293548387096775,224.11,17,7,330,31,0,0,public institution,0
893,2022-08-06 13:02:00,2022-08-06 13:02:00,1,374.0,21.79,21.79,1,1,0,55,0,0,resort,1
894,2022-08-06 17:30:00,2022-08-05 12:08:00,2,51.0,32.28,64.56,2,2,1,55,0,1,public area,0
895,2022-08-06 17:12:00,2022-08-03 15:28:00,2,278.5,28.790000000000003,57.580000000000005,2,2,3,55,0,0,company,1
896,2022-08-06 13:56:00,2022-08-06 13:56:00,1,44.0,34.56,34.56,1,1,0,55,0,1,public area,0
897,2022-08-05 16:49:00,2022-08-03 11:40:00,4,41.75,28.35,113.4,4,3,2,56,0,1,sightseeing,0
898,2022-08-06 11:56:00,2022-07-31 10:19:00,2,81.5,9.3,18.6,1,1,6,55,0,0,public area,1
899,2022-08-22 21:40:00,2022-05-04 20:54:00,3,69.0,19.236666666666668,57.71,2,2,110,39,0,1,public parking lot,0
900,2022-08-06 09:43:00,2022-04-28 01:18:00,16,184.6875,10.214375,163.43,5,3,100,55,0,0,public institution,0
901,2022-08-06 10:58:00,2022-08-02 12:40:00,5,48.2,29.568,147.84,4,3,3,55,0,1,market,0
902,2022-08-06 09:42:00,2022-08-02 11:12:00,2,65.5,5.425,10.85,2,1,3,55,0,0,hotel,1
903,2022-08-06 07:28:00,2022-08-03 13:24:00,4,130.0,7.1675,28.67,1,1,2,55,0,0,company,1
904,2022-08-06 07:17:00,2022-07-23 19:20:00,16,145.625,7.789375,124.63,2,1,13,55,0,0,public institution,1
906,2022-08-05 22:43:00,2022-08-05 14:55:00,2,265.0,27.89,55.78,2,1,0,55,0,0,resort,1
908,2022-08-05 22:26:00,2022-08-05 12:41:00,2,131.5,5.755,11.51,1,1,0,56,0,0,hotel,0
910,2022-08-05 21:44:00,2021-10-26 09:22:00,55,81.25454545454545,9.920545454545454,545.63,22,6,283,56,0,1,restaurant,0
911,2022-08-05 15:44:00,2022-08-05 15:44:00,1,352.0,37.47,37.47,1,1,0,56,0,1,resort,0
912,2022-08-05 18:37:00,2021-10-13 16:07:00,71,144.61971830985917,16.83042253521127,1194.96,2,1,296,56,0,0,hotel,1
914,2022-08-05 17:59:00,2022-07-27 16:48:00,3,35.666666666666664,3.923333333333334,11.770000000000001,3,3,9,56,0,0,company,1
915,2022-08-05 17:08:00,2021-10-06 18:09:00,2,43.0,29.82,59.64,2,2,302,56,0,1,public parking lot,0
916,2022-08-05 15:07:00,2022-07-27 18:57:00,3,89.0,8.290000000000001,24.87,3,3,8,56,0,0,company,1
917,2022-08-05 13:18:00,2021-11-30 17:52:00,10,102.8,5.761,57.61,8,4,247,56,0,0,hotel,0
918,2022-08-05 12:31:00,2022-08-05 12:31:00,1,73.0,7.52,7.52,1,1,0,56,0,0,market,1
919,2022-08-05 11:51:00,2022-08-05 11:51:00,1,94.0,10.37,10.37,1,1,0,56,0,0,hotel,1
920,2022-08-05 12:14:00,2022-08-02 07:50:00,5,42.8,15.874,79.37,5,3,3,56,0,1,public area,0
921,2022-08-29 17:35:00,2022-04-01 10:07:00,6,167.5,19.191666666666666,115.14999999999999,3,1,150,32,0,0,hotel,1
922,2022-08-05 09:09:00,2021-11-06 14:04:00,16,38.625,17.480625,279.69,7,5,271,56,0,1,public area,0
923,2022-08-05 07:00:00,2022-07-31 14:39:00,4,397.0,22.15,88.6,1,1,4,56,0,0,resort,1
924,2022-08-19 14:44:00,2022-08-04 14:52:00,3,257.6666666666667,20.613333333333333,61.84,2,1,14,42,0,0,golf,1
925,2022-08-04 18:02:00,2022-08-02 19:42:00,2,435.0,46.53,93.06,2,1,1,57,0,0,resort,1
926,2022-08-04 19:47:00,2022-07-30 08:51:00,4,172.75,30.919999999999998,123.67999999999999,3,3,5,57,0,0,resort,0
927,2022-08-04 17:30:00,2021-11-03 00:28:00,92,344.8804347826087,34.31413043478261,3156.9,2,1,274,57,0,0,public area,1
928,2022-08-04 19:48:00,2022-08-04 19:48:00,1,65.0,7.34,7.34,1,1,0,57,0,0,hotel,1
929,2022-08-04 18:48:00,2022-01-08 14:28:00,6,66.33333333333333,6.233333333333333,37.4,5,4,208,57,0,0,public parking lot,0
930,2022-08-04 13:29:00,2022-08-04 13:29:00,1,271.0,5.3,5.3,1,1,0,57,0,0,apartment,1
932,2022-08-23 07:05:00,2022-05-24 08:46:00,44,352.47727272727275,20.46818181818182,900.6,4,1,90,38,0,0,public institution,0
933,2022-08-04 12:00:00,2022-08-04 12:00:00,1,58.0,3.55,3.55,1,1,0,57,0,0,hotel,0
934,2022-08-04 11:54:00,2022-08-04 11:54:00,1,43.0,12.72,12.72,1,1,0,57,0,1,public parking lot,0
935,2022-08-04 10:27:00,2022-08-04 10:27:00,1,38.0,35.68,35.68,1,1,0,57,0,1,restaurant,0
936,2022-08-03 23:11:00,2022-08-01 09:47:00,3,116.0,7.633333333333334,22.900000000000002,2,2,2,57,0,0,sightseeing,0
937,2022-08-03 11:38:00,2022-08-03 11:38:00,1,46.0,5.0,5.0,1,1,0,58,0,0,sightseeing,0
939,2022-08-03 12:36:00,2022-08-03 07:23:00,2,106.5,12.275,24.55,1,1,0,58,0,0,golf,1
941,2022-08-03 07:35:00,2022-01-08 17:01:00,23,103.78260869565217,5.909130434782608,135.91,20,5,206,58,0,0,public area,0
942,2022-08-03 06:55:00,2022-08-02 07:59:00,2,114.5,6.824999999999999,13.649999999999999,1,1,0,58,0,0,public area,1
943,2022-08-03 07:52:00,2022-08-03 07:52:00,1,24.0,15.04,15.04,1,1,0,58,0,1,public parking lot,0
945,2022-08-01 20:27:00,2022-07-30 14:49:00,5,132.0,7.608,38.04,4,3,2,60,0,0,hotel,1
946,2022-08-02 22:31:00,2022-07-30 13:39:00,5,117.6,13.216,66.08,3,2,3,59,0,0,resort,1
947,2022-07-30 15:05:00,2022-05-24 15:22:00,5,64.0,18.582,92.91,5,3,66,62,1,1,public area,0
948,2022-08-25 12:20:00,2022-08-02 15:40:00,2,119.0,26.055,52.11,2,1,22,36,0,0,public area,0
949,2022-08-02 16:42:00,2022-08-02 16:42:00,1,9.0,4.42,4.42,1,1,0,59,0,1,public parking lot,0
950,2022-08-17 07:48:00,2022-04-27 13:01:00,6,172.33333333333334,12.988333333333335,77.93,4,1,111,44,0,0,company,1
951,2022-08-02 12:21:00,2022-07-25 13:23:00,10,133.3,7.675,76.75,2,1,7,59,0,0,public area,1
952,2022-08-31 11:57:00,2021-11-04 16:45:00,59,40.067796610169495,13.009152542372881,767.54,24,7,299,30,0,1,public parking lot,0
953,2022-08-02 11:52:00,2022-08-02 11:52:00,1,93.0,10.6,10.6,1,1,0,59,0,0,public institution,0
954,2022-08-02 11:13:00,2022-07-31 11:31:00,3,44.0,16.57,49.71,3,3,1,59,0,1,company,0
955,2022-08-01 21:07:00,2022-07-31 19:52:00,2,429.0,32.150000000000006,64.30000000000001,1,1,1,60,0,0,resort,1
956,2022-08-01 21:57:00,2022-08-01 21:57:00,1,120.0,13.35,13.35,1,1,0,60,0,0,resort,1
958,2022-08-01 17:02:00,2022-08-01 17:02:00,1,170.0,9.03,9.03,1,1,0,60,0,0,public parking lot,0
959,2022-08-01 18:20:00,2022-07-30 06:55:00,3,86.66666666666667,19.36,58.08,3,3,2,60,0,1,hotel,0
960,2022-08-01 17:00:00,2022-02-21 14:52:00,15,36.733333333333334,25.487333333333332,382.31,10,2,161,60,0,1,public area,0
961,2022-08-01 13:17:00,2022-08-01 13:17:00,1,212.0,22.86,22.86,1,1,0,60,0,0,public area,0
963,2022-08-01 13:39:00,2022-08-01 13:39:00,1,38.0,4.5,4.5,1,1,0,60,0,0,apartment,1
964,2022-08-01 13:47:00,2022-08-01 13:01:00,2,32.5,21.055,42.11,1,1,0,60,0,1,public institution,0
965,2022-08-01 12:36:00,2022-08-01 12:28:00,2,16.0,1.715,3.43,1,1,0,60,0,0,hotel,1
966,2022-08-01 10:54:00,2022-07-05 09:50:00,2,127.5,7.23,14.46,2,2,27,60,0,0,public area,0
967,2022-08-01 12:12:00,2022-08-01 12:12:00,1,38.0,2.13,2.13,1,1,0,60,0,0,sightseeing,0
968,2022-08-01 09:02:00,2022-07-29 20:31:00,2,171.0,9.42,18.84,2,1,2,60,0,0,resort,1
969,2022-08-01 06:21:00,2022-07-31 16:40:00,3,135.66666666666666,14.933333333333332,44.8,1,1,0,60,0,0,hotel,1
970,2022-08-01 04:39:00,2022-08-01 04:39:00,1,50.0,5.6,5.6,1,1,0,60,0,0,sightseeing,0
971,2022-07-31 18:20:00,2022-07-31 08:58:00,2,317.5,35.765,71.53,1,1,0,61,1,0,resort,1
972,2022-08-31 18:58:00,2021-12-10 16:38:00,35,27.37142857142857,16.154571428571426,565.41,9,3,264,30,0,1,public institution,0
973,2022-08-31 16:57:00,2022-08-31 16:41:00,2,45.5,5.22,10.44,1,1,0,30,0,0,resort,1
974,2022-08-31 15:18:00,2022-08-21 20:14:00,2,225.5,16.919999999999998,33.839999999999996,2,1,9,30,0,0,apartment,0
975,2022-08-28 16:46:00,2022-03-31 10:17:00,10,44.9,9.347,93.47,10,4,150,33,0,1,public area,0
977,2022-08-31 09:32:00,2022-08-31 09:32:00,1,60.0,5.66,5.66,1,1,0,30,0,0,hotel,1
978,2022-08-30 23:07:00,2022-08-30 23:07:00,1,433.0,49.57,49.57,1,1,0,30,0,0,hotel,1
979,2022-08-30 20:21:00,2022-08-30 17:53:00,2,289.0,31.9,63.8,2,1,0,31,0,0,resort,1
980,2022-08-30 21:06:00,2022-08-30 20:49:00,2,94.0,10.395000000000001,20.790000000000003,1,1,0,31,0,0,resort,1
981,2022-08-30 21:05:00,2022-08-30 21:05:00,1,9.0,4.22,4.22,1,1,0,31,0,1,public institution,0
982,2022-08-30 16:44:00,2021-11-14 04:48:00,5,47.0,5.241999999999999,26.209999999999997,5,5,289,31,0,0,hotel,0
983,2022-08-30 08:23:00,2022-08-30 08:21:00,2,75.0,8.375,16.75,1,1,0,31,0,0,resort,1
985,2022-08-29 23:01:00,2021-10-03 08:53:00,20,351.7,35.291,705.8199999999999,8,2,330,31,0,0,apartment,1
986,2022-08-29 21:02:00,2022-08-24 21:44:00,6,136.83333333333334,14.071666666666665,84.42999999999999,2,1,4,32,0,0,public area,1
987,2022-08-29 19:58:00,2022-08-27 22:20:00,2,102.5,20.93,41.86,2,2,1,32,0,0,public parking lot,0
989,2022-08-29 19:38:00,2022-08-28 16:41:00,2,196.5,21.905,43.81,1,1,1,32,0,0,hotel,1
990,2022-08-26 12:31:00,2022-08-26 12:31:00,1,247.0,29.28,29.28,1,1,0,35,0,0,sightseeing,0
991,2022-08-29 13:31:00,2022-08-28 20:00:00,3,21.0,10.993333333333334,32.980000000000004,3,3,0,32,0,1,hotel,0
994,2022-08-28 22:10:00,2021-12-30 08:56:00,49,282.85714285714283,26.857142857142858,1316.0,4,2,241,33,0,0,apartment,0
995,2022-08-28 19:07:00,2022-08-28 19:07:00,1,325.0,38.0,38.0,1,1,0,33,0,0,public institution,1
996,2022-08-28 21:51:00,2022-08-28 21:51:00,1,146.0,17.14,17.14,1,1,0,33,0,0,hotel,1
997,2022-08-28 20:06:00,2022-08-28 16:46:00,2,59.5,30.805,61.61,2,2,0,33,0,1,public parking lot,0
998,2022-08-28 19:39:00,2022-08-17 18:11:00,3,36.666666666666664,10.696666666666667,32.09,2,2,11,33,0,0,market,1
999,2022-08-28 11:57:00,2022-08-28 11:57:00,1,132.0,7.81,7.81,1,1,0,33,0,0,hotel,0
1000,2022-08-28 07:41:00,2022-08-26 19:59:00,5,138.0,14.175999999999998,70.88,1,1,1,33,0,0,public area,1
1001,2022-08-27 15:22:00,2022-01-01 18:40:00,13,66.53846153846153,7.390769230769231,96.08,8,5,237,34,0,0,hotel,0
1002,2022-08-27 15:17:00,2022-08-25 18:38:00,2,25.0,15.285,30.57,2,2,1,34,0,1,hotel,0
1003,2022-07-17 11:21:00,2022-05-14 13:55:00,6,109.5,6.515000000000001,39.09,5,2,63,75,1,0,public area,1
1004,2022-08-27 10:41:00,2022-07-21 21:43:00,3,106.33333333333333,11.983333333333334,35.95,2,2,36,34,0,0,company,1
1005,2022-08-26 22:09:00,2022-03-01 16:49:00,12,215.16666666666666,22.354166666666668,268.25,6,2,178,35,0,0,camping,1
1008,2022-08-25 12:46:00,2022-08-22 09:16:00,4,44.25,31.25,125.0,4,4,3,36,0,1,market,0
1010,2022-08-25 20:36:00,2022-08-25 20:36:00,1,326.0,37.21,37.21,1,1,0,36,0,0,hotel,1
1011,2022-08-25 21:34:00,2021-10-09 10:27:00,74,223.17567567567568,34.89783783783784,2582.44,30,10,320,36,0,0,apartment,0
1012,2022-08-25 18:27:00,2022-08-23 20:32:00,3,140.33333333333334,15.363333333333335,46.09,3,1,1,36,0,0,resort,1
1013,2022-08-25 15:09:00,2022-08-23 16:02:00,2,211.5,17.9,35.8,2,2,1,36,0,0,hotel,1
1014,2022-08-25 12:25:00,2022-02-05 17:01:00,3,151.0,8.783333333333333,26.35,3,3,200,36,0,0,camping,1
1015,2022-08-25 00:24:00,2022-08-25 00:19:00,2,150.5,16.85,33.7,1,1,0,36,0,0,hotel,1
1018,2022-08-24 16:39:00,2022-08-21 19:20:00,3,27.333333333333332,17.74,53.22,2,2,2,37,0,1,public parking lot,0
1019,2022-08-24 13:44:00,2022-06-21 18:00:00,4,61.75,3.7125,14.85,2,2,63,37,0,0,market,0
1020,2022-08-24 15:45:00,2022-01-03 15:38:00,9,23.333333333333332,10.222222222222221,92.0,5,3,233,37,0,1,public area,0
1021,2022-08-24 14:33:00,2022-08-24 12:57:00,2,23.5,9.605,19.21,2,2,0,37,0,1,public area,0
1022,2022-08-24 13:01:00,2022-08-20 19:57:00,9,115.33333333333333,11.714444444444446,105.43,5,3,3,37,0,0,resort,0
1023,2022-08-24 12:27:00,2022-03-07 17:08:00,8,63.375,13.936250000000001,111.49000000000001,5,3,169,37,0,1,public institution,0
1024,2022-08-23 17:15:00,2022-08-17 14:43:00,5,223.2,30.448,152.24,3,3,6,38,0,0,resort,1
1025,2022-08-23 20:35:00,2022-08-20 21:21:00,4,109.25,11.3225,45.29,2,2,2,38,0,0,hotel,1
1026,2022-08-23 11:00:00,2022-08-20 12:02:00,2,56.0,5.695,11.39,2,2,2,38,0,0,restaurant,0
1027,2022-08-23 17:45:00,2022-02-09 12:09:00,3,55.666666666666664,3.293333333333333,9.879999999999999,2,1,195,38,0,0,public area,0
1028,2022-08-23 16:31:00,2022-03-12 00:21:00,4,132.0,7.984999999999999,31.939999999999998,4,3,164,38,0,0,public institution,0
1029,2022-08-21 16:25:00,2022-08-21 16:25:00,1,64.0,7.1,7.1,1,1,0,40,0,0,public area,1
1031,2022-08-23 14:17:00,2022-08-23 14:17:00,1,11.0,1.3,1.3,1,1,0,38,0,0,public institution,0
1032,2022-08-20 10:55:00,2022-08-19 23:03:00,3,24.666666666666668,0.8866666666666667,2.66,2,1,0,41,0,0,public institution,0
1033,2022-08-23 10:01:00,2022-08-23 10:01:00,1,87.0,9.59,9.59,1,1,0,38,0,0,hotel,1
1034,2022-08-22 19:50:00,2022-08-22 19:50:00,1,606.0,69.71,69.71,1,1,0,39,0,0,hotel,1
1035,2022-08-22 22:38:00,2022-08-22 17:58:00,2,144.5,16.849999999999998,33.699999999999996,1,1,0,38,0,0,resort,1
1036,2022-08-22 19:10:00,2022-08-20 19:35:00,2,360.0,38.065,76.13,2,1,1,39,0,0,resort,1
1037,2022-08-22 22:28:00,2021-11-25 13:58:00,2,10.5,5.63,11.26,2,2,270,39,0,1,market,0
1038,2022-08-22 21:53:00,2022-08-22 21:53:00,1,24.0,18.5,18.5,1,1,0,39,0,1,sightseeing,0
1039,2022-08-22 18:36:00,2022-06-18 22:02:00,3,316.0,5.596666666666667,16.79,2,2,64,39,0,0,public parking lot,0
1040,2022-08-22 17:50:00,2022-08-22 17:50:00,1,55.0,38.2,38.2,1,1,0,39,0,1,hotel,0
1041,2022-08-22 17:53:00,2022-08-22 17:53:00,1,21.0,10.59,10.59,1,1,0,39,0,1,public area,0
1042,2022-06-07 11:56:00,2022-04-04 10:18:00,4,65.0,42.6725,170.69,3,1,64,115,1,1,market,0
1043,2022-08-22 13:16:00,2022-06-01 12:16:00,3,110.0,10.37,31.11,2,2,82,39,0,0,golf,0
1044,2022-08-22 12:55:00,2022-08-22 12:55:00,1,131.0,14.89,14.89,1,1,0,39,0,0,hotel,1
1046,2022-08-22 11:09:00,2022-08-19 11:41:00,4,211.5,12.1075,48.43,4,3,2,39,0,0,resort,0
1048,2022-08-21 21:25:00,2022-08-18 08:40:00,5,337.2,19.036,95.18,3,1,3,40,0,0,resort,1
1049,2022-08-21 20:13:00,2022-08-21 15:26:00,2,169.5,17.0,34.0,1,1,0,40,0,0,resort,1
1050,2022-08-21 19:04:00,2022-08-21 18:08:00,2,11.0,1.23,2.46,1,1,0,40,0,0,hotel,1
1051,2022-08-21 10:21:00,2021-11-25 09:52:00,12,37.833333333333336,21.430000000000003,257.16,5,4,269,40,0,1,public institution,0
1052,2022-08-21 09:33:00,2022-08-19 20:50:00,2,247.5,26.73,53.46,2,1,1,40,0,0,resort,1
1053,2022-08-21 07:51:00,2022-08-21 07:51:00,1,60.0,5.99,5.99,1,1,0,40,0,0,resort,1
1054,2022-08-20 23:08:00,2022-08-20 23:08:00,1,300.0,35.47,35.47,1,1,0,40,0,0,resort,1
1055,2022-08-20 23:19:00,2022-08-18 14:49:00,3,40.0,4.496666666666667,13.49,2,2,2,40,0,0,hotel,1
1056,2022-08-20 22:00:00,2021-10-16 22:42:00,30,64.23333333333333,3.6026666666666665,108.08,13,8,307,41,0,0,company,0
1057,2022-08-20 20:20:00,2022-08-18 20:45:00,5,67.4,7.236,36.18,1,1,1,41,0,0,resort,1
1058,2022-08-20 15:29:00,2022-08-20 15:29:00,1,89.0,10.4,10.4,1,1,0,41,0,1,hotel,0
1059,2022-08-19 12:38:00,2022-08-18 19:23:00,3,24.0,16.28,48.84,3,3,0,42,0,1,market,0
1060,2022-08-20 10:55:00,2021-10-03 20:18:00,9,93.44444444444444,5.268888888888889,47.42,7,3,320,41,0,0,public area,0
1061,2022-08-20 08:08:00,2022-08-20 08:08:00,1,148.0,17.1,17.1,1,1,0,41,0,0,public area,0
1062,2022-08-20 09:23:00,2022-08-20 09:23:00,1,40.0,27.34,27.34,1,1,0,41,0,1,public parking lot,0
1063,2022-08-20 09:34:00,2021-11-28 11:43:00,8,76.75,7.8475,62.78,7,4,264,41,0,0,hotel,0
1065,2022-08-19 12:10:00,2022-08-19 12:10:00,1,1.0,0.69,0.69,1,1,0,42,0,1,hotel,0
1066,2022-08-19 16:27:00,2022-08-19 16:27:00,1,4.0,0.47,0.47,1,1,0,42,0,0,public institution,1
1067,2022-08-19 13:00:00,2022-08-19 13:00:00,1,88.0,9.8,9.8,1,1,0,42,0,0,company,1
1068,2022-08-19 11:46:00,2021-12-26 15:19:00,6,59.333333333333336,10.195,61.17,2,1,235,42,0,0,hotel,1
1069,2022-08-19 12:21:00,2022-08-19 11:38:00,2,32.5,25.06,50.12,1,1,0,42,0,1,public area,0
1070,2022-08-19 11:03:00,2022-08-19 11:03:00,1,44.0,56.46,56.46,1,1,0,42,0,1,public area,0
1071,2022-08-19 10:02:00,2022-01-24 09:29:00,45,86.35555555555555,8.197111111111111,368.87,21,8,207,42,0,1,restaurant,0
1072,2022-08-19 10:46:00,2022-08-19 10:46:00,1,40.0,19.64,19.64,1,1,0,42,0,1,public area,0
1073,2022-08-19 10:42:00,2022-03-18 16:19:00,4,41.75,4.615,18.46,3,2,153,42,0,0,resort,1
1074,2022-08-18 21:00:00,2022-08-18 21:00:00,1,416.0,45.8,45.8,1,1,0,43,0,0,resort,1
1075,2022-04-04 16:46:00,2022-04-02 14:27:00,2,160.0,9.149999999999999,18.299999999999997,1,1,2,179,1,0,hotel,0
1076,2022-08-18 20:27:00,2022-08-17 15:05:00,3,40.666666666666664,26.49,79.47,2,1,1,43,0,1,hotel,0
1077,2022-08-18 14:25:00,2022-08-18 14:25:00,1,23.0,1.36,1.36,1,1,0,43,0,0,sightseeing,0
1078,2022-07-20 09:12:00,2022-04-19 08:39:00,9,83.33333333333333,4.765555555555555,42.89,1,1,92,72,1,0,sightseeing,0
1079,2022-08-16 20:30:00,2022-08-16 07:02:00,2,338.0,34.0,68.0,2,1,0,45,0,0,resort,1
1080,2022-08-18 15:07:00,2022-08-17 10:46:00,2,131.0,12.265,24.53,2,2,1,43,0,0,hotel,1
1081,2022-08-18 13:34:00,2022-04-20 19:15:00,25,160.32,8.5204,213.01,7,3,119,43,0,0,public institution,0
1082,2022-08-18 09:33:00,2022-08-18 09:33:00,1,40.0,19.16,19.16,1,1,0,43,0,1,public institution,0
1083,2022-08-17 15:45:00,2022-08-17 15:45:00,1,64.0,18.84,18.84,1,1,0,44,0,1,sightseeing,0
1084,2022-08-17 14:45:00,2022-08-17 14:45:00,1,116.0,12.78,12.78,1,1,0,44,0,0,resort,0
1086,2022-08-17 10:46:00,2022-08-17 10:46:00,1,97.0,11.35,11.35,1,1,0,44,0,0,resort,1
1087,2022-08-17 07:58:00,2021-12-02 09:24:00,5,86.2,13.334,66.67,4,3,257,44,0,1,public area,0
1088,2022-08-17 07:28:00,2022-08-16 19:25:00,2,37.5,3.9050000000000002,7.8100000000000005,1,1,0,44,0,0,hotel,1
1089,2022-08-16 18:44:00,2022-08-16 15:59:00,2,269.5,29.380000000000003,58.760000000000005,2,1,0,45,0,0,resort,1
1092,2022-08-16 15:19:00,2022-08-16 15:19:00,1,43.0,24.7,24.7,1,1,0,45,0,1,public parking lot,0
1093,2022-08-16 14:55:00,2021-10-06 15:50:00,15,136.46666666666667,12.991999999999999,194.88,6,5,313,45,0,1,apartment,0
1094,2022-08-16 11:17:00,2022-08-16 11:17:00,1,52.0,5.2,5.2,1,1,0,45,0,0,hotel,1
1096,2022-07-25 22:39:00,2022-04-28 20:32:00,11,204.72727272727272,23.14636363636364,254.61,2,1,88,66,1,0,resort,1
1097,2022-07-12 20:27:00,2022-07-11 22:39:00,2,117.5,13.5,27.0,1,1,0,80,1,0,hotel,1
1098,2022-07-21 15:25:00,2022-07-18 18:08:00,2,86.5,7.825,15.65,2,2,2,71,1,0,hotel,0
1099,2022-07-09 19:06:00,2022-07-09 19:06:00,1,479.0,37.15,37.15,1,1,0,83,1,0,hotel,0
1100,2022-07-18 23:21:00,2022-07-18 21:14:00,2,140.0,16.35,32.7,1,1,0,73,1,0,company,1
1101,2022-07-06 12:15:00,2021-10-04 10:23:00,11,83.45454545454545,4.90090909090909,53.91,9,5,275,86,1,0,public institution,0
1102,2022-07-06 23:16:00,2022-07-06 23:16:00,1,194.0,21.77,21.77,1,1,0,85,1,0,resort,1
1103,2022-07-03 15:10:00,2022-07-03 15:10:00,1,9.0,1.0,1.0,1,1,0,89,1,0,hotel,1
1104,2022-06-29 20:38:00,2021-11-09 12:27:00,2,159.5,15.975,31.95,2,1,232,93,1,0,public parking lot,0
1105,2022-07-21 19:36:00,2022-07-10 22:45:00,2,310.5,35.155,70.31,1,1,10,71,1,0,public institution,1
1106,2022-07-23 10:55:00,2022-07-23 10:55:00,1,58.0,6.4,6.4,1,1,0,69,1,0,resort,1
1107,2022-07-18 17:18:00,2022-04-12 15:24:00,23,53.47826086956522,26.213043478260868,602.9,15,5,97,74,1,1,market,0
1108,2022-07-30 18:43:00,2022-07-30 18:43:00,1,58.0,6.8,6.8,1,1,0,62,1,0,hotel,1
1109,2022-07-28 19:29:00,2022-07-24 12:22:00,5,499.8,7.709999999999999,38.55,3,3,4,64,1,0,hotel,1
1110,2022-07-07 10:32:00,2022-01-07 09:54:00,47,182.5744680851064,20.325531914893617,955.3,1,1,181,85,1,0,public institution,0
1112,2022-07-21 18:13:00,2022-07-21 18:13:00,1,159.0,16.53,16.53,1,1,0,71,1,0,resort,1
1113,2022-07-23 16:18:00,2021-10-13 13:27:00,2,38.5,3.14,6.28,2,2,283,69,1,0,public institution,0
1114,2022-07-01 21:27:00,2022-07-01 21:27:00,1,44.0,29.66,29.66,1,1,0,91,1,1,sightseeing,0
1115,2022-07-16 09:51:00,2022-07-16 09:51:00,1,81.0,8.5,8.5,1,1,0,76,1,0,resort,1
1116,2022-07-22 21:43:00,2022-07-22 21:43:00,1,270.0,29.38,29.38,1,1,0,70,1,0,resort,1
1117,2022-07-07 14:48:00,2022-07-04 13:12:00,2,103.5,6.07,12.14,2,2,3,85,1,0,company,0
1118,2022-07-11 18:01:00,2022-01-31 14:50:00,5,37.4,9.488,47.44,5,2,161,81,1,1,resort,0
1119,2022-07-27 22:11:00,2022-07-25 17:28:00,3,37.666666666666664,25.790000000000003,77.37,3,3,2,65,1,1,public area,0
1120,2022-07-24 10:21:00,2022-06-15 19:08:00,3,78.66666666666667,8.543333333333335,25.630000000000003,1,1,38,68,1,0,public area,0
1121,2022-07-31 21:26:00,2021-11-11 08:24:00,6,74.33333333333333,8.24,49.44,5,4,262,61,1,0,company,0
1122,2022-07-11 18:07:00,2022-07-08 07:19:00,2,44.0,24.02,48.04,2,1,3,81,1,1,public area,0
1123,2022-07-09 18:27:00,2022-07-08 21:09:00,2,135.0,14.895,29.79,1,1,0,83,1,0,resort,0
1124,2022-07-15 21:24:00,2022-06-20 18:14:00,22,301.72727272727275,34.54954545454546,760.09,4,1,25,77,1,0,apartment,1
1125,2022-07-30 15:20:00,2021-11-06 13:23:00,8,46.75,9.485,75.88,7,4,266,62,1,0,hotel,0
1126,2022-07-22 13:05:00,2021-11-28 12:33:00,39,118.38461538461539,9.834358974358976,383.54,3,2,236,70,1,0,apartment,0
1127,2022-07-28 22:07:00,2022-07-25 17:35:00,6,180.0,20.063333333333333,120.38,2,1,3,64,1,0,resort,1
1128,2022-07-19 15:27:00,2022-07-16 11:21:00,6,63.333333333333336,6.946666666666666,41.68,4,2,3,73,1,0,resort,1
1129,2022-07-28 09:54:00,2022-07-27 14:03:00,2,142.0,34.28,68.56,2,2,0,64,1,0,public parking lot,0
1130,2022-07-02 23:40:00,2022-06-09 08:44:00,2,12.5,9.315,18.63,2,1,23,89,1,1,public area,0
1131,2022-07-21 21:26:00,2022-07-21 21:26:00,1,540.0,59.82,59.82,1,1,0,71,1,0,resort,1
1132,2022-07-24 09:13:00,2022-07-24 09:13:00,1,90.0,9.35,9.35,1,1,0,68,1,0,resort,1
1133,2022-07-15 21:45:00,2022-07-15 21:45:00,1,382.0,42.58,42.58,1,1,0,77,1,0,resort,1
1134,2022-07-26 11:27:00,2022-07-26 11:27:00,1,60.0,31.07,31.07,1,1,0,66,1,1,market,0
1135,2022-07-05 21:17:00,2022-07-05 11:02:00,2,226.5,24.900000000000002,49.800000000000004,2,1,0,87,1,0,resort,1
1136,2022-07-24 18:50:00,2022-07-04 23:29:00,6,483.8333333333333,41.37666666666667,248.26000000000002,1,1,19,68,1,0,public institution,1
1137,2022-07-28 11:15:00,2021-10-10 17:10:00,21,76.71428571428571,9.55142857142857,200.57999999999998,5,5,290,64,1,0,public area,1
1138,2022-06-30 18:59:00,2022-06-20 10:51:00,5,99.6,16.686,83.43,5,4,10,92,1,0,hotel,0
1139,2022-07-10 16:36:00,2022-07-10 16:36:00,1,360.0,39.97,39.97,1,1,0,82,1,0,hotel,1
1140,2022-07-21 06:39:00,2022-07-20 19:40:00,2,168.5,18.1,36.2,2,1,0,71,1,0,resort,1
1141,2022-07-17 19:30:00,2022-07-16 20:08:00,3,19.333333333333332,3.7566666666666664,11.27,3,3,0,75,1,0,hotel,0
1142,2022-07-09 15:21:00,2022-07-09 15:21:00,1,42.0,2.46,2.46,1,1,0,83,1,0,company,0
1144,2022-07-24 22:37:00,2022-07-24 17:21:00,2,160.5,18.275,36.55,1,1,0,68,1,0,hotel,1
1145,2022-07-08 14:57:00,2022-05-11 18:44:00,3,144.0,8.9,26.7,3,1,57,84,1,0,public institution,0
1146,2022-07-28 15:33:00,2022-02-04 18:13:00,4,314.5,40.315,161.26,3,2,173,64,1,0,hotel,0
1147,2022-07-03 18:45:00,2022-07-03 18:45:00,1,45.0,36.09,36.09,1,1,0,89,1,1,market,0
1148,2022-07-29 09:12:00,2022-07-29 09:12:00,1,200.0,22.3,22.3,1,1,0,63,1,0,company,1
1149,2022-07-04 22:07:00,2022-07-04 19:07:00,2,217.0,24.805,49.61,2,1,0,88,1,0,resort,1
1150,2022-07-14 09:00:00,2022-07-14 09:00:00,1,437.0,32.91,32.91,1,1,0,78,1,0,public parking lot,0
1151,2022-07-09 21:32:00,2022-07-09 21:32:00,1,36.0,25.14,25.14,1,1,0,83,1,1,restaurant,0
1152,2022-07-13 12:00:00,2022-07-04 20:02:00,3,42.0,2.43,7.29,2,2,8,79,1,0,market,1
1153,2022-07-05 15:04:00,2021-11-01 11:19:00,7,17.428571428571427,4.031428571428571,28.22,6,3,246,87,1,1,public area,0
1154,2022-07-26 01:18:00,2022-03-15 22:31:00,31,338.5483870967742,36.94870967741935,1145.4099999999999,2,1,132,66,1,0,company,1
1155,2022-07-11 20:25:00,2022-06-03 16:49:00,3,57.0,3.143333333333333,9.43,2,1,38,81,1,0,market,1
1156,2022-07-17 09:59:00,2022-07-17 09:59:00,1,91.0,10.41,10.41,1,1,0,75,1,0,hotel,1
1157,2022-07-23 20:27:00,2022-07-23 20:27:00,1,43.0,33.92,33.92,1,1,0,69,1,1,public parking lot,0
1158,2022-07-21 14:26:00,2022-07-21 14:26:00,1,35.0,22.33,22.33,1,1,0,71,1,1,resort,0
1159,2022-07-01 21:51:00,2022-07-01 21:51:00,1,472.0,45.51,45.51,1,1,0,91,1,0,resort,1
1160,2022-07-04 11:11:00,2022-07-02 11:54:00,2,54.5,6.21,12.42,1,1,1,88,1,0,public area,1
1161,2022-07-19 22:03:00,2021-10-01 07:09:00,10,176.2,25.261000000000003,252.61,6,4,291,73,1,1,golf,0
1162,2022-07-25 12:08:00,2022-07-25 06:29:00,2,21.5,12.235,24.47,2,2,0,67,1,1,public area,0
1163,2022-07-10 20:50:00,2022-07-09 22:50:00,2,201.0,21.675,43.35,2,1,0,82,1,0,resort,1
1164,2022-07-28 14:57:00,2022-07-16 21:16:00,8,61.25,11.588750000000001,92.71000000000001,7,5,11,64,1,1,apartment,0
1165,2022-07-17 18:28:00,2022-04-24 10:57:00,42,26.666666666666668,15.386904761904763,646.25,19,5,84,75,1,1,public area,0
1166,2022-07-30 21:14:00,2022-07-27 11:32:00,5,245.6,9.108,45.54,3,2,3,62,1,0,apartment,1
1167,2022-07-28 13:58:00,2021-11-07 16:44:00,3,139.0,21.956666666666667,65.87,3,3,262,64,1,0,hotel,1
1168,2022-07-24 15:28:00,2021-10-05 16:08:00,27,57.77777777777778,17.116296296296294,462.14,12,4,291,68,1,1,public area,0
1171,2022-07-07 16:07:00,2022-07-07 16:07:00,1,43.0,25.75,25.75,1,1,0,85,1,1,sightseeing,0
1172,2022-07-17 14:27:00,2022-06-29 17:46:00,4,133.5,13.5525,54.21,3,2,17,75,1,0,market,1
1173,2022-07-20 11:06:00,2022-07-18 17:07:00,4,15.0,7.92,31.68,3,3,1,72,1,1,public parking lot,0
1174,2022-07-25 13:15:00,2022-07-25 13:15:00,1,53.0,3.1,3.1,1,1,0,67,1,0,sightseeing,0
1175,2022-07-29 16:35:00,2021-10-19 13:58:00,15,42.733333333333334,10.361333333333334,155.42000000000002,10,4,283,63,1,1,public institution,0
1176,2022-07-28 10:48:00,2022-07-21 21:10:00,3,329.3333333333333,27.549999999999997,82.64999999999999,3,2,6,64,1,0,resort,0
1177,2022-07-29 09:24:00,2021-10-31 09:44:00,11,190.72727272727272,20.772727272727273,228.5,2,1,270,63,1,0,apartment,1
1178,2022-07-27 22:22:00,2022-07-27 22:22:00,1,300.0,33.08,33.08,1,1,0,65,1,0,camping,1
1179,2022-07-24 06:34:00,2022-07-24 06:34:00,1,50.0,5.65,5.65,1,1,0,68,1,0,hotel,1
1180,2022-07-26 16:06:00,2022-07-25 18:00:00,2,55.5,10.64,21.28,2,1,0,66,1,0,public area,0
1181,2022-07-23 13:38:00,2022-03-13 06:49:00,5,241.2,31.625999999999998,158.13,2,2,132,69,1,0,public institution,1
1182,2022-07-25 12:49:00,2022-07-25 12:49:00,1,59.0,3.55,3.55,1,1,0,67,1,0,resort,0
1183,2022-07-27 15:10:00,2022-07-27 11:34:00,2,135.5,15.695,31.39,2,2,0,65,1,0,hotel,0
1184,2022-07-12 08:55:00,2022-05-22 19:15:00,10,67.9,24.464,244.64,5,3,50,80,1,1,public area,0
1185,2022-07-22 03:09:00,2021-10-12 09:27:00,76,44.81578947368421,28.179868421052632,2141.67,24,8,282,70,1,1,public institution,0
1186,2022-07-18 20:42:00,2022-07-18 20:42:00,1,60.0,6.85,6.85,1,1,0,74,1,0,restaurant,1
1187,2022-07-23 15:48:00,2022-07-23 15:48:00,1,37.0,14.0,14.0,1,1,0,69,1,1,public area,0
1188,2022-07-25 20:11:00,2022-02-08 17:17:00,10,72.9,7.446,74.46,9,6,167,67,1,0,hotel,0
1189,2022-07-27 21:25:00,2022-07-24 11:06:00,5,60.6,3.6380000000000003,18.19,5,4,3,65,1,0,sightseeing,0
1190,2022-07-30 15:01:00,2021-12-24 21:49:00,34,67.55882352941177,26.864117647058823,913.38,13,7,217,62,1,1,public institution,0
1191,2022-07-01 19:29:00,2022-07-01 19:29:00,1,2.0,0.72,0.72,1,1,0,91,1,1,public area,0
1193,2022-07-24 19:08:00,2022-07-24 17:37:00,3,97.66666666666667,10.696666666666667,32.09,1,1,0,68,1,0,hotel,1
1194,2022-07-13 19:00:00,2022-07-13 19:00:00,1,20.0,12.82,12.82,1,1,0,79,1,1,apartment,0
1195,2022-07-05 12:15:00,2022-07-05 12:15:00,1,24.0,2.62,2.62,1,1,0,87,1,0,hotel,1
1196,2022-07-19 19:15:00,2022-02-22 15:45:00,24,101.41666666666667,4.622916666666667,110.95,6,3,147,73,1,0,apartment,0
1197,2022-07-28 16:17:00,2022-07-26 14:44:00,3,153.33333333333334,13.65,40.95,3,3,2,64,1,0,company,0
1198,2022-07-22 19:27:00,2022-07-22 19:27:00,1,183.0,19.71,19.71,1,1,0,70,1,0,resort,1
1199,2022-07-27 16:07:00,2022-07-27 16:07:00,1,40.0,38.74,38.74,1,1,0,65,1,1,public area,0
1200,2022-07-23 19:42:00,2022-07-23 19:42:00,1,32.0,24.51,24.51,1,1,0,69,1,1,resort,0
1201,2022-07-16 10:57:00,2022-07-14 15:15:00,4,29.0,18.2025,72.81,4,4,1,76,1,1,market,0
1202,2022-07-24 20:44:00,2022-01-17 14:14:00,5,120.8,6.792,33.96,5,3,188,68,1,0,resort,0
1203,2022-07-21 16:55:00,2022-07-21 16:55:00,1,179.0,20.42,20.42,1,1,0,71,1,0,resort,1
1204,2022-07-25 11:16:00,2022-07-25 11:16:00,1,20.0,1.2,1.2,1,1,0,67,1,0,public institution,1
1205,2022-07-29 10:20:00,2022-07-29 10:20:00,1,63.0,44.13,44.13,1,1,0,63,1,1,sightseeing,0
1206,2022-07-10 19:37:00,2022-07-10 19:37:00,1,94.0,9.59,9.59,1,1,0,82,1,0,resort,1
1207,2022-07-09 17:56:00,2022-07-08 22:03:00,3,161.66666666666666,16.893333333333334,50.68,2,1,0,83,1,0,resort,1
1208,2022-07-10 07:36:00,2021-10-08 22:28:00,22,271.45454545454544,32.61409090909091,717.51,8,3,274,82,1,0,apartment,1
1209,2022-07-20 13:02:00,2022-01-19 14:59:00,8,57.0,22.9225,183.38,8,3,181,72,1,1,public parking lot,0
1210,2022-07-23 17:57:00,2022-07-07 22:13:00,10,241.9,26.812,268.12,5,3,15,69,1,0,apartment,0
1211,2022-07-28 19:49:00,2022-07-26 21:03:00,2,136.5,14.965,29.93,2,1,1,64,1,0,resort,1
1212,2022-07-01 20:09:00,2022-06-08 11:09:00,10,39.1,24.755,247.54999999999998,5,3,23,91,1,1,public area,0
1213,2022-07-19 16:34:00,2022-01-13 16:45:00,30,34.63333333333333,31.234666666666666,937.04,4,2,186,73,1,1,public area,0
1214,2022-07-03 17:55:00,2022-05-24 08:13:00,4,125.75,20.3075,81.23,3,3,40,89,1,0,apartment,0
1215,2022-07-13 14:59:00,2022-07-04 15:32:00,6,37.833333333333336,4.181666666666667,25.09,4,1,8,79,1,0,apartment,1
1216,2022-07-26 13:37:00,2022-07-26 13:37:00,1,45.0,2.7,2.7,1,1,0,66,1,0,apartment,0
1217,2022-07-28 21:31:00,2021-11-07 21:33:00,49,23.489795918367346,8.663877551020407,424.53,14,5,262,64,1,1,public area,0
1218,2022-07-18 17:06:00,2022-07-18 17:06:00,1,11.0,7.66,7.66,1,1,0,74,1,1,public institution,0
1219,2022-07-25 13:55:00,2021-10-01 18:40:00,279,37.946236559139784,10.656415770609318,2973.14,32,7,296,67,1,1,company,0
1220,2022-07-18 16:05:00,2021-10-02 18:13:00,47,127.61702127659575,14.59,685.73,11,5,288,74,1,0,company,1
1221,2022-07-29 15:37:00,2021-10-01 15:20:00,122,135.01639344262296,15.992377049180327,1951.07,19,6,301,63,1,0,company,1
1222,2022-07-19 18:03:00,2021-10-01 17:41:00,87,110.52873563218391,10.903908045977012,948.64,7,2,291,73,1,0,apartment,1
1223,2022-07-22 18:01:00,2021-10-02 19:42:00,82,133.9512195121951,14.722682926829268,1207.26,11,3,292,70,1,0,company,1
1224,2022-07-14 11:08:00,2021-10-14 13:29:00,67,58.40298507462686,6.457761194029851,432.67,16,4,272,78,1,0,apartment,1
1225,2022-07-19 17:46:00,2021-10-02 17:31:00,137,118.82481751824818,12.781751824817517,1751.1,6,1,290,73,1,0,apartment,1
1226,2022-07-08 16:43:00,2022-03-25 17:44:00,35,132.5142857142857,14.255714285714285,498.95,6,1,104,84,1,0,company,1
1227,2022-07-22 20:40:00,2021-10-03 16:30:00,43,172.8139534883721,19.75767441860465,849.58,10,4,292,70,1,0,company,1
1228,2022-07-19 17:33:00,2021-10-01 18:36:00,153,83.62745098039215,9.200653594771243,1407.7,6,1,290,73,1,0,apartment,1
1229,2022-07-20 17:06:00,2021-10-12 09:11:00,112,36.044642857142854,13.56875,1519.7,38,8,281,72,1,1,public parking lot,0
1230,2022-07-20 18:09:00,2021-10-05 17:26:00,95,114.16842105263157,12.843052631578946,1220.09,10,2,288,72,1,0,apartment,1
1231,2022-07-20 18:08:00,2021-10-03 11:39:00,55,151.38181818181818,16.183818181818182,890.11,6,1,290,72,1,0,company,1
1232,2022-07-20 15:27:00,2022-06-30 19:36:00,13,164.30769230769232,9.362307692307693,121.71000000000001,6,5,19,72,1,0,public institution,0
1234,2022-07-15 12:12:00,2022-04-23 08:58:00,2,43.5,23.35,46.7,2,2,83,77,1,0,public area,0
1235,2022-07-06 11:58:00,2021-12-31 09:19:00,12,39.083333333333336,19.0575,228.69,10,4,187,86,1,1,market,0
1237,2022-07-20 11:22:00,2022-07-19 15:59:00,2,21.5,13.31,26.62,2,2,0,72,1,1,public area,0
1238,2022-07-23 21:51:00,2022-07-23 21:51:00,1,482.0,52.87,52.87,1,1,0,69,1,0,resort,1
1239,2022-07-01 13:19:00,2022-07-01 13:19:00,1,60.0,6.79,6.79,1,1,0,91,1,0,public area,1
1240,2022-07-07 20:28:00,2022-07-06 16:18:00,2,90.5,7.355,14.71,1,1,1,85,1,0,restaurant,0
1241,2022-07-18 19:04:00,2021-10-24 11:37:00,13,139.76923076923077,17.25923076923077,224.37,11,4,267,74,1,0,public area,1
1242,2022-07-10 20:54:00,2022-07-07 19:11:00,5,34.8,19.394,96.97,5,3,3,82,1,1,market,0
1243,2022-07-26 16:48:00,2022-07-26 16:48:00,1,154.0,16.41,16.41,1,1,0,66,1,0,hotel,1
1244,2022-07-06 20:33:00,2022-07-05 20:55:00,3,274.6666666666667,29.49,88.47,2,1,0,86,1,0,resort,1
1245,2022-07-10 10:49:00,2022-07-10 10:49:00,1,0.0,0.01,0.01,1,1,0,82,1,0,public area,0
1246,2022-07-16 13:40:00,2022-07-09 14:03:00,3,82.0,5.303333333333334,15.91,3,2,6,76,1,0,public area,0
1247,2022-07-31 18:49:00,2021-11-21 10:27:00,38,50.078947368421055,30.80842105263158,1170.72,14,8,252,61,1,1,public area,0
1249,2022-07-29 13:31:00,2022-07-29 13:27:00,2,3.0,2.6100000000000003,5.220000000000001,1,1,0,63,1,1,sightseeing,0
1250,2022-07-12 13:46:00,2022-07-12 13:46:00,1,104.0,6.4,6.4,1,1,0,80,1,0,apartment,0
1251,2022-07-29 10:54:00,2022-07-29 10:54:00,1,202.0,22.38,22.38,1,1,0,63,1,0,public area,1
1252,2022-07-07 15:48:00,2022-07-07 15:48:00,1,18.0,12.41,12.41,1,1,0,85,1,1,public area,0
1253,2022-07-13 21:46:00,2022-07-12 16:01:00,3,96.0,8.486666666666666,25.46,2,1,1,79,1,0,hotel,1
1254,2022-07-28 12:10:00,2022-07-28 12:10:00,1,30.0,3.42,3.42,1,1,0,64,1,0,hotel,1
1255,2022-07-22 12:40:00,2022-07-22 12:40:00,1,109.0,11.87,11.87,1,1,0,70,1,0,hotel,1
1257,2022-07-14 23:41:00,2021-09-30 23:22:00,118,452.8813559322034,41.23906779661017,4866.21,2,2,287,77,1,0,public area,1
1259,2022-07-29 06:35:00,2022-07-29 06:35:00,1,165.0,18.59,18.59,1,1,0,63,1,0,resort,1
1260,2022-07-23 19:08:00,2022-07-22 17:51:00,2,198.5,28.075,56.15,2,2,1,69,1,0,hotel,0
1261,2022-07-25 17:21:00,2022-07-25 17:21:00,1,438.0,50.13,50.13,1,1,0,67,1,0,resort,1
1262,2022-06-26 11:39:00,2022-05-24 18:20:00,4,144.75,18.169999999999998,72.67999999999999,3,2,32,96,1,0,public institution,0
1263,2022-07-20 17:41:00,2022-07-20 17:41:00,1,180.0,20.07,20.07,1,1,0,72,1,0,hotel,1
1265,2022-07-11 11:43:00,2022-07-11 11:43:00,1,90.0,10.29,10.29,1,1,0,81,1,0,hotel,1
1266,2022-07-01 17:11:00,2022-05-23 17:49:00,6,72.0,17.275000000000002,103.65,6,4,38,91,1,1,public area,0
1267,2022-07-21 20:22:00,2022-07-21 20:22:00,1,206.0,23.35,23.35,1,1,0,71,1,0,resort,1
1268,2022-07-16 19:25:00,2022-06-21 21:20:00,4,130.5,14.6325,58.53,3,1,24,76,1,0,resort,1
1269,2022-07-03 14:22:00,2022-06-21 16:18:00,2,52.0,5.2,10.4,2,2,11,89,1,0,apartment,0
1270,2022-07-27 21:20:00,2022-03-01 21:00:00,2,406.0,43.56,87.12,2,2,148,65,1,0,hotel,1
1271,2022-07-01 15:35:00,2022-07-01 11:53:00,2,51.5,31.235,62.47,2,2,0,91,1,1,public institution,0
1272,2022-07-09 14:52:00,2022-07-05 10:39:00,2,28.0,22.705,45.41,2,2,4,83,1,1,public area,0
1273,2022-07-27 12:27:00,2022-07-27 12:27:00,1,57.0,6.67,6.67,1,1,0,65,1,0,hotel,1
1274,2022-07-07 23:57:00,2022-03-03 21:09:00,51,262.47058823529414,28.859019607843138,1471.81,5,1,126,84,1,0,camping,1
1275,2022-07-29 16:38:00,2022-07-22 08:58:00,2,42.5,2.61,5.22,2,2,7,63,1,0,company,1
1276,2022-07-25 11:28:00,2022-07-25 11:28:00,1,73.0,8.15,8.15,1,1,0,67,1,0,resort,1
1277,2022-07-21 15:32:00,2021-10-02 12:03:00,10,65.3,7.159999999999999,71.6,7,5,292,71,1,0,apartment,0
1278,2022-07-06 20:11:00,2022-07-06 15:51:00,3,32.666666666666664,24.953333333333333,74.86,3,3,0,86,1,1,public parking lot,0
1279,2022-07-01 09:07:00,2022-06-30 14:54:00,3,139.0,15.87,47.61,2,1,0,91,1,0,resort,1
1280,2022-07-11 20:57:00,2022-07-11 20:57:00,1,270.0,29.97,29.97,1,1,0,81,1,0,resort,0
1281,2022-07-03 12:38:00,2022-04-23 14:05:00,4,122.25,7.3075,29.23,3,3,70,89,1,0,public area,0
1282,2022-07-20 10:54:00,2022-06-25 14:46:00,17,31.58823529411765,21.09058823529412,358.54,6,4,24,72,1,1,public parking lot,0
1283,2022-07-19 12:00:00,2021-10-09 09:14:00,22,76.5,8.205454545454545,180.52,15,5,283,73,1,0,public institution,1
1284,2022-07-22 19:39:00,2022-07-21 17:44:00,3,40.666666666666664,25.993333333333336,77.98,3,3,1,70,1,1,market,0
1285,2022-07-29 19:05:00,2022-07-26 13:01:00,12,61.5,3.605833333333333,43.269999999999996,7,4,3,63,1,0,resort,1
1286,2022-07-21 23:57:00,2022-07-20 23:18:00,2,34.5,24.295,48.59,1,1,1,70,1,1,public parking lot,0
1287,2022-07-24 19:08:00,2022-07-04 15:44:00,4,28.5,14.7925,59.17,3,1,20,68,1,1,market,0
1288,2022-07-06 23:12:00,2022-07-06 23:12:00,1,511.0,53.0,53.0,1,1,0,85,1,0,restaurant,1
1289,2022-07-15 19:53:00,2022-07-15 16:41:00,2,196.0,22.795,45.59,1,1,0,77,1,0,hotel,1
1290,2022-07-07 16:48:00,2022-07-07 11:01:00,2,29.0,31.479999999999997,62.959999999999994,2,2,0,85,1,1,market,0
1291,2022-07-16 19:06:00,2022-07-16 19:06:00,1,2.0,1.49,1.49,1,1,0,76,1,1,public area,0
1292,2022-07-20 13:39:00,2022-07-20 13:39:00,1,118.0,13.8,13.8,1,1,0,72,1,0,hotel,1
1293,2022-07-14 16:26:00,2022-07-14 16:26:00,1,163.0,10.99,10.99,1,1,0,78,1,0,hotel,0
1294,2022-07-12 19:24:00,2022-07-12 19:24:00,1,16.0,13.99,13.99,1,1,0,80,1,1,sightseeing,0
1295,2022-07-02 08:29:00,2021-11-01 08:51:00,10,186.1,20.429,204.29,9,5,242,90,1,1,public parking lot,0
1296,2022-07-18 18:00:00,2022-05-20 19:16:00,40,109.425,12.767,510.68,5,3,58,74,1,0,apartment,0
1297,2022-07-10 16:57:00,2022-03-12 16:38:00,21,57.04761904761905,23.507142857142856,493.65,3,3,120,82,1,1,public institution,0
1298,2022-07-04 10:19:00,2022-03-07 21:45:00,4,159.75,4.9925,19.97,3,3,118,88,1,0,company,0
1299,2022-07-19 18:39:00,2022-07-17 23:45:00,3,159.66666666666666,17.016666666666666,51.05,2,1,1,73,1,0,resort,1
1300,2022-07-22 10:31:00,2022-07-22 10:31:00,1,99.0,8.14,8.14,1,1,0,70,1,0,sightseeing,0
1301,2022-07-03 18:16:00,2022-07-02 12:21:00,3,50.333333333333336,8.973333333333334,26.92,2,2,1,89,1,1,public parking lot,0
1302,2022-07-25 08:09:00,2022-03-31 17:22:00,18,237.05555555555554,26.41111111111111,475.4,3,1,115,67,1,0,apartment,1
1303,2022-07-08 20:27:00,2022-06-14 20:36:00,5,49.8,2.93,14.65,2,1,23,84,1,0,company,0
1305,2022-07-27 09:55:00,2021-11-28 11:38:00,11,81.72727272727273,8.038181818181819,88.42,6,5,240,65,1,0,market,1
1306,2022-07-23 21:01:00,2022-07-21 15:59:00,3,77.66666666666667,8.296666666666667,24.89,3,2,2,69,1,0,company,1
1307,2022-07-29 21:05:00,2022-07-23 15:48:00,5,35.6,10.142,50.709999999999994,5,4,6,63,1,1,hotel,0
1308,2022-07-30 19:44:00,2022-07-30 19:44:00,1,86.0,10.0,10.0,1,1,0,62,1,0,public institution,0
1309,2022-07-09 22:45:00,2022-07-08 23:14:00,2,253.5,27.695,55.39,2,1,0,82,1,0,resort,1
1310,2022-07-17 14:56:00,2022-07-17 14:56:00,1,103.0,8.26,8.26,1,1,0,75,1,0,public area,1
1311,2022-07-04 21:23:00,2022-07-04 21:23:00,1,32.0,19.26,19.26,1,1,0,88,1,1,public institution,0
1312,2022-07-24 18:33:00,2022-06-24 19:00:00,3,31.0,17.77,53.31,2,2,29,68,1,1,apartment,0
1313,2022-07-01 08:57:00,2022-06-20 18:27:00,7,148.42857142857142,8.92,62.44,6,4,10,91,1,0,public institution,0
1314,2022-07-02 16:08:00,2022-06-28 21:26:00,2,149.0,29.314999999999998,58.629999999999995,2,2,3,90,1,0,resort,0
1315,2022-07-14 23:49:00,2022-07-14 23:01:00,2,195.0,22.305,44.61,1,1,0,77,1,0,resort,1
1316,2022-07-29 21:37:00,2022-07-29 21:37:00,1,240.0,27.84,27.84,1,1,0,63,1,0,resort,1
1317,2022-07-09 21:19:00,2022-07-09 14:41:00,2,207.5,23.54,47.08,1,1,0,83,1,0,hotel,1
1319,2022-07-29 09:24:00,2021-10-02 10:37:00,199,31.407035175879397,14.296633165829146,2845.03,51,9,299,63,1,1,public parking lot,0
1320,2022-07-21 15:53:00,2022-07-06 15:24:00,9,38.333333333333336,24.903333333333332,224.13,6,5,15,71,1,1,public institution,0
1321,2022-07-27 12:34:00,2022-07-15 20:38:00,5,61.2,7.12,35.6,3,3,11,65,1,0,company,1
1322,2022-07-04 22:58:00,2022-07-03 19:54:00,3,171.66666666666666,16.876666666666665,50.629999999999995,3,1,1,87,1,0,resort,1
1323,2022-07-28 15:52:00,2022-07-28 15:52:00,1,38.0,3.88,3.88,1,1,0,64,1,0,hotel,1
1324,2022-06-30 21:54:00,2022-06-30 21:54:00,1,420.0,47.23,47.23,1,1,0,92,1,0,resort,1
1325,2022-07-24 16:47:00,2022-04-29 22:30:00,3,117.33333333333333,13.366666666666667,40.1,2,1,85,68,1,0,apartment,1
1326,2022-07-23 09:47:00,2022-01-01 09:29:00,67,47.07462686567164,31.997014925373136,2143.8,10,5,203,69,1,1,public area,0
1328,2022-07-07 10:31:00,2022-07-07 10:31:00,1,95.0,11.18,11.18,1,1,0,85,1,0,apartment,0
1329,2022-07-13 14:58:00,2021-11-15 13:31:00,31,34.58064516129032,25.764193548387098,798.69,18,4,240,79,1,1,market,0
1330,2022-07-02 21:41:00,2022-07-02 21:41:00,1,160.0,17.29,17.29,1,1,0,90,1,0,hotel,1
1331,2022-07-22 17:02:00,2022-07-22 17:02:00,1,62.0,6.24,6.24,1,1,0,70,1,0,sightseeing,0
1332,2022-07-16 17:33:00,2022-07-09 20:58:00,5,35.4,13.494,67.47,5,3,6,76,1,1,public area,0
1333,2022-07-17 22:53:00,2022-07-17 22:53:00,1,100.0,11.03,11.03,1,1,0,74,1,0,resort,1
1334,2022-07-08 13:00:00,2022-07-08 13:00:00,1,273.0,30.36,30.36,1,1,0,84,1,0,company,0
1335,2022-07-28 14:16:00,2022-06-23 17:56:00,4,66.75,7.2875000000000005,29.150000000000002,3,2,34,64,1,0,public institution,0
1336,2022-07-09 14:17:00,2022-07-09 14:17:00,1,77.0,3.94,3.94,1,1,0,83,1,0,resort,0
1337,2022-07-18 18:44:00,2022-07-12 19:10:00,3,397.0,45.72,137.16,2,1,5,74,1,0,company,1
1338,2022-06-17 13:28:00,2022-06-12 19:42:00,5,257.8,29.157999999999998,145.79,5,5,4,105,1,0,company,1
1339,2022-06-04 10:46:00,2022-06-04 10:46:00,1,82.0,6.59,6.59,1,1,0,118,1,0,hotel,1
1340,2022-06-26 11:02:00,2022-06-26 11:02:00,1,21.0,17.77,17.77,1,1,0,96,1,1,public area,0
1341,2022-06-20 12:50:00,2022-06-18 12:45:00,3,31.0,15.093333333333334,45.28,3,1,2,102,1,1,public area,0
1342,2022-06-08 09:15:00,2022-06-05 10:25:00,3,59.666666666666664,20.45,61.349999999999994,3,3,2,114,1,1,public institution,0
1343,2022-06-28 21:00:00,2022-04-11 06:20:00,19,34.578947368421055,24.95157894736842,474.08,9,4,78,94,1,1,public area,0
1344,2022-06-26 23:18:00,2022-06-26 17:33:00,2,230.0,26.425,52.85,1,1,0,95,1,0,hotel,1
1345,2022-06-01 08:08:00,2022-05-31 22:00:00,2,156.5,17.86,35.72,1,1,0,121,1,0,hotel,1
1346,2022-06-29 21:39:00,2022-06-28 22:22:00,2,185.0,20.575,41.15,2,1,0,93,1,0,resort,1
1347,2022-06-07 11:50:00,2022-06-07 11:50:00,1,78.0,9.18,9.18,1,1,0,115,1,0,company,0
1348,2022-06-10 09:29:00,2022-06-10 09:29:00,1,60.0,6.8,6.8,1,1,0,112,1,0,public area,0
1349,2022-06-14 08:37:00,2022-06-14 08:37:00,1,60.0,6.71,6.71,1,1,0,108,1,0,resort,1
1350,2022-06-12 19:10:00,2021-10-05 11:40:00,111,140.11711711711712,31.04828828828829,3446.36,27,7,250,110,1,1,public parking lot,0
1351,2022-06-17 21:42:00,2022-06-17 21:42:00,1,294.0,32.58,32.58,1,1,0,105,1,0,hotel,1
1352,2022-06-17 11:30:00,2022-04-04 19:29:00,44,201.86363636363637,3.505,154.22,5,3,73,105,1,0,public area,1
1354,2022-06-20 13:38:00,2022-01-01 15:00:00,18,111.72222222222223,5.887777777777778,105.98,10,4,169,102,1,0,apartment,0
1355,2022-06-23 18:57:00,2022-06-23 18:57:00,1,423.0,47.66,47.66,1,1,0,99,1,0,hotel,1
1356,2022-06-08 14:24:00,2022-05-30 09:31:00,9,58.333333333333336,16.907777777777778,152.17,8,4,9,114,1,1,public institution,0
1357,2022-06-11 00:03:00,2022-06-11 00:03:00,1,180.0,19.82,19.82,1,1,0,111,1,0,resort,1
1358,2022-06-15 05:00:00,2022-01-15 13:42:00,3,21.666666666666668,11.403333333333334,34.21,3,2,150,107,1,1,public institution,0
1359,2022-06-08 19:35:00,2022-06-08 15:30:00,2,51.5,5.715,11.43,1,1,0,114,1,0,resort,1
1360,2022-06-24 14:56:00,2022-06-24 14:56:00,1,189.0,20.13,20.13,1,1,0,98,1,0,hotel,1
1361,2022-06-03 10:17:00,2022-01-29 20:03:00,23,175.2173913043478,19.07,438.61,7,2,124,119,1,0,public institution,0
1362,2022-06-10 15:31:00,2021-11-18 14:39:00,49,36.326530612244895,14.54877551020408,712.89,13,4,204,112,1,1,public parking lot,0
1363,2022-06-29 12:10:00,2022-01-24 06:38:00,6,304.8333333333333,36.46666666666667,218.8,6,6,156,93,1,0,hotel,0
1364,2022-06-19 16:41:00,2022-06-19 16:41:00,1,436.0,48.75,48.75,1,1,0,103,1,0,hotel,1
1365,2022-06-11 21:38:00,2021-10-20 05:17:00,154,280.03246753246754,31.790714285714287,4895.77,18,9,234,111,1,0,accommodation,0
1366,2022-06-17 20:38:00,2022-06-16 18:15:00,2,151.0,15.74,31.48,2,1,1,105,1,0,resort,1
1367,2022-06-19 16:27:00,2021-12-06 16:07:00,20,25.1,17.559,351.18,13,4,195,103,1,1,public area,0
1369,2022-06-06 23:26:00,2022-06-05 16:28:00,2,50.5,32.645,65.29,2,2,1,115,1,1,public area,0
1370,2022-06-22 16:36:00,2022-06-22 16:36:00,1,26.0,14.07,14.07,1,1,0,100,1,1,sightseeing,0
1371,2022-06-21 21:11:00,2022-06-20 18:00:00,3,132.66666666666666,14.093333333333334,42.28,2,1,1,101,1,0,resort,1
1372,2022-06-16 11:14:00,2022-06-15 20:21:00,2,51.0,17.75,35.5,2,2,0,106,1,0,public institution,0
1373,2022-06-28 10:07:00,2021-12-23 09:56:00,9,40.22222222222222,19.665555555555557,176.99,6,3,187,94,1,1,public area,0
1374,2022-06-16 20:39:00,2022-06-16 20:39:00,1,176.0,19.52,19.52,1,1,0,106,1,0,resort,1
1375,2022-06-06 13:36:00,2022-06-02 20:02:00,4,47.25,11.69,46.76,2,2,3,116,1,1,sightseeing,0
1376,2022-06-05 22:56:00,2022-05-06 21:41:00,4,167.5,23.39,93.56,4,3,30,116,1,0,hotel,0
1377,2022-06-20 20:26:00,2022-06-19 20:33:00,2,365.0,40.005,80.01,2,1,0,102,1,0,resort,1
1378,2022-06-09 16:35:00,2022-05-14 15:43:00,8,138.5,8.025,64.2,4,1,26,113,1,0,public institution,0
1379,2022-06-18 13:27:00,2022-06-18 13:27:00,1,21.0,18.87,18.87,1,1,0,104,1,1,sightseeing,0
1380,2022-06-24 09:40:00,2022-06-24 09:40:00,1,150.0,17.83,17.83,1,1,0,98,1,0,company,1
1381,2022-06-09 15:23:00,2022-06-09 15:23:00,1,46.0,2.8,2.8,1,1,0,113,1,0,public area,0
1382,2022-06-04 18:58:00,2022-06-04 18:26:00,2,45.0,5.109999999999999,10.219999999999999,1,1,0,118,1,0,hotel,1
1383,2022-06-29 13:17:00,2022-03-31 08:50:00,39,112.97435897435898,11.94025641025641,465.67,2,1,90,93,1,0,golf,1
1384,2022-06-03 13:09:00,2022-06-01 18:12:00,2,87.0,19.06,38.12,2,2,1,119,1,0,hotel,0
1385,2022-06-02 19:18:00,2022-06-02 17:24:00,2,102.0,11.625,23.25,1,1,0,120,1,0,public institution,1
1386,2022-06-23 12:20:00,2022-06-23 12:20:00,1,72.0,4.2,4.2,1,1,0,99,1,0,sightseeing,0
1387,2022-06-25 07:00:00,2022-05-28 06:44:00,14,59.857142857142854,9.960714285714285,139.45,11,7,28,97,1,0,public area,0
1388,2022-06-13 17:18:00,2022-05-31 15:13:00,2,78.0,10.065,20.13,2,2,13,109,1,1,public institution,0
1389,2022-06-18 10:54:00,2021-10-08 09:03:00,48,38.916666666666664,15.71125,754.14,3,3,253,104,1,1,public area,0
1390,2022-06-27 10:11:00,2022-06-27 10:11:00,1,10.0,1.0,1.0,1,1,0,95,1,0,public area,1
1391,2022-06-02 21:43:00,2022-05-31 20:38:00,3,164.0,18.80333333333333,56.41,3,1,2,120,1,0,resort,1
1392,2022-06-11 13:47:00,2022-06-02 19:49:00,7,181.71428571428572,10.882857142857143,76.17999999999999,5,2,8,111,1,0,resort,1
1393,2022-06-09 21:49:00,2022-06-09 16:05:00,2,144.5,8.465,16.93,1,1,0,113,1,0,hotel,0
1394,2022-06-17 16:55:00,2022-06-15 10:14:00,2,86.5,8.51,17.02,2,2,2,105,1,0,restaurant,0
1395,2022-06-05 21:44:00,2022-06-05 21:06:00,2,20.5,12.715,25.43,1,1,0,117,1,1,public area,0
1396,2022-06-11 17:19:00,2022-06-10 20:24:00,3,226.66666666666666,27.396666666666665,82.19,3,2,0,111,1,0,resort,0
1397,2022-06-26 16:51:00,2022-06-25 20:29:00,2,411.5,10.809999999999999,21.619999999999997,2,1,0,96,1,0,hotel,0
1398,2022-06-22 21:12:00,2022-02-04 07:49:00,31,46.064516129032256,15.027096774193547,465.84,22,8,138,100,1,1,public area,0
1400,2022-06-24 18:01:00,2022-02-13 12:29:00,32,27.90625,15.9128125,509.21,14,4,131,98,1,1,public institution,0
1401,2022-06-15 18:18:00,2022-03-17 15:17:00,58,168.81034482758622,13.980172413793104,810.85,10,4,90,107,1,0,apartment,0
1402,2022-06-28 22:23:00,2022-01-01 23:18:00,49,31.408163265306122,24.10816326530612,1181.3,15,5,177,94,1,1,market,0
1403,2022-06-28 15:11:00,2021-10-29 16:41:00,34,40.05882352941177,25.783529411764704,876.64,10,2,241,94,1,1,market,0
1404,2022-06-06 18:18:00,2022-05-29 15:22:00,13,136.46153846153845,7.7638461538461545,100.93,7,3,8,116,1,0,resort,0
1405,2022-06-12 11:26:00,2022-06-12 11:26:00,1,23.0,10.61,10.61,1,1,0,110,1,1,public area,0
1406,2022-06-11 17:55:00,2022-06-11 17:55:00,1,24.0,19.08,19.08,1,1,0,111,1,1,public area,0
1407,2022-06-19 14:28:00,2021-11-27 17:02:00,16,115.8125,6.33375,101.34,10,6,203,103,1,0,public area,1
1408,2022-06-09 07:49:00,2022-06-08 11:21:00,2,269.5,28.295,56.59,2,1,0,113,1,0,resort,1
1409,2022-06-06 17:06:00,2022-06-06 17:06:00,1,45.0,23.48,23.48,1,1,0,116,1,1,market,0
1410,2022-06-24 19:03:00,2022-02-25 19:48:00,85,120.05882352941177,6.505294117647059,552.95,6,2,118,98,1,0,resort,0
1411,2022-06-13 20:21:00,2022-02-21 14:48:00,39,388.1794871794872,9.053846153846154,353.1,10,6,112,109,1,0,company,0
1412,2022-06-08 10:35:00,2022-06-08 10:35:00,1,63.0,7.3,7.3,1,1,0,114,1,0,company,1
1413,2022-06-17 21:51:00,2022-06-17 21:51:00,1,433.0,49.94,49.94,1,1,0,105,1,0,resort,1
1414,2022-06-06 17:18:00,2022-06-04 11:35:00,4,47.5,12.61,50.44,3,3,2,116,1,1,hotel,0
1415,2022-06-13 19:15:00,2022-06-13 19:15:00,1,29.0,15.77,15.77,1,1,0,109,1,1,restaurant,0
1416,2022-06-24 17:05:00,2021-12-17 10:49:00,8,28.125,11.43625,91.49,8,3,189,98,1,1,public parking lot,0
1417,2022-06-15 20:10:00,2022-06-11 12:28:00,13,86.3076923076923,4.869230769230769,63.3,6,6,4,107,1,0,company,1
1418,2022-06-23 16:21:00,2022-06-23 16:21:00,1,68.0,7.66,7.66,1,1,0,99,1,0,hotel,1
1420,2022-06-25 21:43:00,2022-06-25 21:43:00,1,539.0,59.49,59.49,1,1,0,97,1,0,resort,1
1421,2021-11-20 16:37:00,2021-11-20 16:37:00,1,41.0,16.82,16.82,1,1,0,314,1,1,hotel,0
1422,2022-06-26 11:13:00,2022-06-24 11:38:00,2,31.5,20.619999999999997,41.239999999999995,2,1,1,96,1,1,sightseeing,0
1423,2022-06-23 16:04:00,2022-02-03 12:22:00,33,154.33333333333334,9.11909090909091,300.93,8,5,140,99,1,0,public area,1
1424,2022-06-04 15:51:00,2022-05-31 17:01:00,3,116.66666666666667,13.800000000000002,41.400000000000006,3,3,3,118,1,0,public area,0
1425,2022-06-26 20:24:00,2022-06-25 09:23:00,2,43.0,23.75,47.5,2,2,1,96,1,1,hotel,0
1426,2022-06-16 15:15:00,2022-06-14 15:40:00,2,50.5,33.480000000000004,66.96000000000001,2,2,1,106,1,1,hotel,0
1428,2022-06-20 15:25:00,2022-06-20 15:25:00,1,120.0,13.38,13.38,1,1,0,102,1,0,resort,1
1429,2022-06-25 14:26:00,2022-06-25 14:26:00,1,40.0,4.38,4.38,1,1,0,97,1,0,public area,0
1430,2022-06-19 22:21:00,2022-06-19 22:21:00,1,240.0,26.04,26.04,1,1,0,103,1,0,resort,1
1431,2022-06-14 12:23:00,2022-06-14 12:20:00,2,3.0,0.32,0.64,1,1,0,108,1,0,hotel,1
1432,2022-06-19 20:20:00,2022-06-19 17:57:00,2,150.0,16.5,33.0,1,1,0,103,1,0,hotel,1
1433,2022-06-13 08:04:00,2022-01-08 14:32:00,49,23.73469387755102,27.59510204081633,1352.16,1,1,155,109,1,1,public area,0
1434,2022-06-11 20:19:00,2022-06-11 20:19:00,1,43.0,41.31,41.31,1,1,0,111,1,1,public parking lot,0
1435,2022-06-07 15:01:00,2022-05-30 09:58:00,7,71.71428571428571,8.027142857142858,56.19,4,3,8,115,1,0,hotel,1
1437,2022-05-31 21:40:00,2022-05-29 17:06:00,3,244.66666666666666,17.286666666666665,51.86,1,1,2,122,1,0,hotel,1
1438,2022-06-11 12:12:00,2022-06-09 14:40:00,4,29.75,21.7925,87.17,3,2,1,111,1,1,public parking lot,0
1439,2022-06-23 19:37:00,2022-05-04 10:07:00,25,33.04,25.9,647.5,7,2,50,99,1,1,public area,0
1440,2022-06-26 16:34:00,2022-06-26 16:34:00,1,23.0,1.27,1.27,1,1,0,96,1,0,public institution,1
1441,2022-06-20 22:49:00,2022-06-20 20:49:00,2,260.0,28.29,56.58,1,1,0,101,1,0,resort,1
1442,2022-06-30 16:52:00,2022-06-30 16:52:00,1,10.0,9.38,9.38,1,1,0,92,1,1,public parking lot,0
1443,2022-06-02 09:42:00,2022-06-02 09:42:00,1,10.0,0.67,0.67,1,1,0,120,1,0,resort,0
1444,2022-06-06 16:23:00,2022-01-04 10:49:00,3,46.333333333333336,16.686666666666667,50.06,3,3,153,116,1,1,company,0
1445,2022-06-26 15:00:00,2021-09-30 22:23:00,26,261.9230769230769,15.922692307692309,413.99,7,6,268,96,1,0,public area,1
1446,2022-06-25 17:07:00,2021-10-06 16:43:00,92,119.55434782608695,13.491847826086957,1241.25,8,2,262,97,1,0,apartment,1
1447,2022-06-10 15:55:00,2021-10-01 17:07:00,60,130.6,14.253666666666668,855.22,6,1,251,112,1,0,apartment,1
1448,2022-06-20 14:03:00,2021-10-05 17:12:00,64,134.71875,15.0625,964.0,7,2,257,102,1,0,apartment,1
1449,2022-06-23 17:09:00,2021-10-13 12:23:00,16,128.875,14.1425,226.28,4,1,253,99,1,0,company,1
1450,2022-06-02 01:44:00,2022-06-02 01:44:00,1,156.0,8.94,8.94,1,1,0,120,1,0,public area,1
1451,2022-05-29 09:55:00,2022-02-13 11:04:00,7,61.42857142857143,6.609999999999999,46.269999999999996,4,3,104,124,1,0,resort,0
1452,2022-06-20 09:51:00,2022-06-19 13:10:00,3,100.0,13.446666666666665,40.339999999999996,3,3,0,102,1,0,public institution,0
1453,2022-06-25 18:54:00,2021-10-15 14:55:00,68,73.0,4.106764705882353,279.26,18,9,253,97,1,0,company,0
1454,2022-06-17 15:52:00,2021-10-02 17:41:00,62,17.725806451612904,6.781451612903226,420.45,10,6,257,105,1,1,public parking lot,0
1455,2022-06-24 11:07:00,2022-06-22 20:04:00,2,50.0,40.5,81.0,1,1,1,98,1,1,sightseeing,0
1456,2022-06-16 11:05:00,2022-06-15 08:00:00,3,208.66666666666666,22.703333333333333,68.11,1,1,1,106,1,0,public area,1
1457,2022-06-11 20:37:00,2022-06-11 20:37:00,1,479.0,42.4,42.4,1,1,0,111,1,0,apartment,0
1458,2022-06-28 21:02:00,2022-06-26 22:21:00,2,236.5,25.955,51.91,2,1,1,94,1,0,resort,1
1459,2022-06-25 19:59:00,2022-06-20 20:08:00,4,182.25,9.1375,36.55,2,2,4,97,1,0,company,0
1461,2022-06-27 21:28:00,2022-06-27 21:28:00,1,321.0,35.11,35.11,1,1,0,95,1,0,resort,1
1463,2022-06-29 19:10:00,2022-06-29 17:00:00,5,20.8,2.2060000000000004,11.030000000000001,2,1,0,93,1,0,resort,1
1464,2022-06-27 19:58:00,2022-06-27 19:58:00,1,443.0,47.4,47.4,1,1,0,95,1,0,resort,1
1465,2022-06-03 21:11:00,2022-06-03 20:18:00,2,26.0,2.67,5.34,1,1,0,119,1,0,market,1
1466,2022-06-16 17:29:00,2022-01-06 19:26:00,2,112.5,6.71,13.42,2,2,160,106,1,0,golf,0
1468,2022-06-17 10:56:00,2022-02-15 15:05:00,2,69.5,32.35,64.7,2,2,121,105,1,1,market,0
1470,2022-06-23 20:23:00,2022-06-22 21:28:00,3,107.0,12.186666666666667,36.56,2,2,0,99,1,0,hotel,1
1471,2022-06-08 17:28:00,2022-06-08 17:28:00,1,49.0,5.57,5.57,1,1,0,114,1,0,resort,1
1472,2022-06-11 21:51:00,2022-06-11 21:51:00,1,220.0,23.89,23.89,1,1,0,111,1,0,resort,1
1473,2022-06-16 17:29:00,2022-06-12 12:49:00,3,67.66666666666667,6.793333333333333,20.38,3,2,4,106,1,0,hotel,0
1474,2022-06-15 14:28:00,2021-12-14 10:49:00,22,33.59090909090909,32.39,712.58,16,5,183,107,1,1,market,0
1475,2022-06-03 11:34:00,2022-06-03 11:34:00,1,12.0,4.66,4.66,1,1,0,119,1,1,public institution,0
1476,2022-06-26 14:13:00,2022-06-26 14:13:00,1,105.0,6.3,6.3,1,1,0,96,1,0,company,1
1477,2022-06-20 14:21:00,2022-06-20 14:21:00,1,115.0,47.47,47.47,1,1,0,102,1,1,restaurant,0
1480,2022-06-08 07:46:00,2022-05-22 17:21:00,18,68.72222222222223,7.365555555555556,132.58,4,1,16,114,1,0,resort,1
1481,2022-06-17 10:04:00,2022-06-17 10:04:00,1,115.0,6.85,6.85,1,1,0,105,1,0,company,0
1482,2022-06-16 17:02:00,2022-06-16 17:02:00,1,43.0,4.94,4.94,1,1,0,106,1,0,apartment,0
1483,2022-06-11 20:42:00,2022-06-10 20:32:00,2,160.0,17.835,35.67,1,1,1,111,1,0,hotel,1
1484,2022-06-22 21:47:00,2021-12-28 15:34:00,86,208.25581395348837,17.378720930232557,1494.57,6,2,176,100,1,0,market,1
1485,2022-06-11 10:29:00,2022-06-09 06:56:00,3,33.666666666666664,24.633333333333336,73.9,2,2,2,111,1,1,public parking lot,0
1486,2022-06-03 09:05:00,2022-05-30 20:24:00,4,330.5,16.925,67.7,2,1,3,119,1,0,resort,1
1487,2022-06-21 22:03:00,2022-06-18 18:06:00,5,96.4,10.360000000000001,51.800000000000004,2,1,3,101,1,0,resort,1
1488,2022-06-15 16:56:00,2022-06-15 09:09:00,3,47.333333333333336,12.906666666666666,38.72,3,3,0,107,1,1,hotel,0
1489,2022-06-23 18:43:00,2022-04-09 18:22:00,47,280.4468085106383,31.637021276595746,1486.94,4,1,75,99,1,0,apartment,1
1490,2022-05-31 19:57:00,2022-05-31 19:57:00,1,294.0,32.53,32.53,1,1,0,122,1,0,resort,1
1491,2022-06-05 14:13:00,2022-05-21 15:13:00,2,56.5,6.845000000000001,13.690000000000001,2,2,14,117,1,0,public institution,0
1492,2022-06-21 15:43:00,2022-06-20 17:42:00,4,32.5,11.2675,45.07,3,3,0,101,1,1,public parking lot,0
1493,2022-06-23 16:47:00,2022-04-14 15:09:00,5,83.6,4.858,24.29,4,3,70,99,1,0,public parking lot,0
1494,2022-06-15 19:17:00,2021-12-02 17:28:00,39,230.7948717948718,28.943846153846152,1128.81,4,1,195,107,1,0,apartment,1
1495,2022-06-21 23:10:00,2022-06-21 23:10:00,1,360.0,41.6,41.6,1,1,0,100,1,0,hotel,1
1496,2022-06-24 17:09:00,2022-06-24 17:09:00,1,143.0,16.15,16.15,1,1,0,98,1,0,hotel,1
1497,2022-06-03 15:33:00,2021-11-01 11:40:00,7,46.57142857142857,4.671428571428572,32.7,2,1,214,119,1,0,market,1
1498,2022-06-27 13:16:00,2022-06-25 09:23:00,3,79.0,8.413333333333332,25.24,3,3,2,95,1,0,hotel,0
1499,2022-06-25 20:46:00,2022-06-15 15:30:00,14,137.78571428571428,6.903571428571429,96.65,8,3,10,97,1,0,resort,1
1500,2022-06-18 20:35:00,2022-06-18 20:35:00,1,339.0,37.4,37.4,1,1,0,104,1,0,hotel,1
1501,2022-06-26 18:57:00,2022-05-14 01:06:00,2,25.5,16.855,33.71,2,2,43,96,1,1,market,0
1502,2022-06-13 13:59:00,2022-06-08 18:16:00,6,110.0,6.418333333333334,38.510000000000005,3,3,4,109,1,0,public area,0
1503,2022-06-29 20:08:00,2022-06-28 21:42:00,2,615.0,25.95,51.9,1,1,0,93,1,0,resort,1
1504,2022-06-25 15:33:00,2022-06-24 18:02:00,2,15.5,8.96,17.92,2,2,0,97,1,1,resort,0
1505,2022-06-04 05:48:00,2022-01-01 22:12:00,50,156.54,17.279,863.95,9,2,153,118,1,0,public area,0
1506,2022-06-11 13:44:00,2022-06-09 14:49:00,6,27.166666666666668,21.77333333333333,130.64,6,4,1,111,1,1,market,0
1507,2022-06-09 18:24:00,2022-04-04 19:43:00,2,155.0,18.585,37.17,1,1,65,113,1,0,public area,1
1508,2022-06-02 18:45:00,2022-05-29 19:45:00,3,130.33333333333334,12.469999999999999,37.41,2,2,3,120,1,0,company,0
1509,2022-06-10 10:46:00,2022-06-05 12:09:00,2,13.5,11.975,23.95,2,1,4,112,1,1,market,0
1510,2022-06-16 14:31:00,2022-06-14 13:28:00,2,31.0,1.75,3.5,2,1,2,106,1,0,public area,1
1511,2022-06-10 20:50:00,2022-06-09 06:16:00,3,163.66666666666666,17.673333333333336,53.02,2,1,1,112,1,0,resort,1
1512,2022-06-14 00:28:00,2022-06-13 21:01:00,2,283.5,31.025,62.05,1,1,0,108,1,0,resort,1
1513,2022-06-02 14:10:00,2022-06-01 13:45:00,5,63.6,6.62,33.1,1,1,1,120,1,0,hotel,1
1514,2022-06-19 14:07:00,2021-10-03 19:35:00,28,35.892857142857146,21.219642857142855,594.15,5,2,258,103,1,1,market,0
1515,2022-06-07 15:58:00,2022-06-04 16:04:00,3,21.333333333333332,6.763333333333333,20.29,3,3,2,115,1,1,public area,0
1516,2022-06-21 20:04:00,2022-06-21 20:04:00,1,136.0,14.7,14.7,1,1,0,101,1,0,company,1
1517,2022-06-27 16:59:00,2022-06-27 11:25:00,2,55.5,20.32,40.64,2,2,0,95,1,0,restaurant,0
1518,2022-06-23 23:02:00,2022-06-23 23:02:00,1,607.0,41.7,41.7,1,1,0,98,1,0,resort,1
1519,2022-06-10 13:16:00,2022-06-10 13:16:00,1,269.0,31.9,31.9,1,1,0,112,1,0,public institution,0
1520,2022-06-09 19:40:00,2021-10-12 18:50:00,52,142.1346153846154,15.368653846153846,799.17,9,7,240,113,1,0,market,1
1521,2022-06-09 09:16:00,2022-06-09 09:16:00,1,72.0,8.3,8.3,1,1,0,113,1,0,public area,1
1522,2022-06-23 21:22:00,2022-06-23 21:22:00,1,487.0,32.39,32.39,1,1,0,99,1,0,resort,1
1523,2022-05-04 09:24:00,2021-10-08 15:15:00,20,59.0,2.7755,55.51,9,6,207,149,1,0,public area,0
1524,2022-05-03 03:09:00,2022-05-03 03:09:00,1,168.0,9.72,9.72,1,1,0,150,1,0,public institution,0
1525,2022-05-24 17:47:00,2022-02-22 16:25:00,7,68.57142857142857,8.2,57.4,4,3,91,129,1,0,golf,1
1527,2022-05-15 18:44:00,2022-05-14 09:49:00,3,76.33333333333333,8.719999999999999,26.159999999999997,3,3,1,138,1,0,public parking lot,0
1528,2022-05-27 08:00:00,2021-10-15 07:33:00,19,152.8421052631579,15.425789473684212,293.09000000000003,10,6,224,126,1,0,public institution,0
1529,2022-05-20 16:36:00,2022-05-20 16:36:00,1,91.0,0.72,0.72,1,1,0,133,1,0,public institution,0
1530,2022-05-07 22:37:00,2022-05-04 21:18:00,4,87.0,32.925,131.7,4,4,3,146,1,0,hotel,0
1531,2022-05-08 15:58:00,2022-05-08 15:58:00,1,65.0,7.6,7.6,1,1,0,145,1,0,company,1
1532,2022-05-01 10:47:00,2022-04-29 17:32:00,2,112.0,11.875,23.75,2,2,1,152,1,0,hotel,0
1533,2022-05-24 14:55:00,2022-05-24 14:55:00,1,11.0,12.28,12.28,1,1,0,129,1,1,public area,0
1534,2022-05-08 18:10:00,2022-05-08 18:10:00,1,60.0,6.51,6.51,1,1,0,145,1,0,hotel,1
1535,2022-05-30 13:00:00,2022-05-30 13:00:00,1,307.0,34.48,34.48,1,1,0,123,1,0,apartment,0
1536,2022-05-20 09:52:00,2022-05-02 09:44:00,8,113.75,10.46875,83.75,2,1,18,133,1,0,apartment,0
1537,2022-05-11 19:21:00,2022-05-11 19:21:00,1,97.0,50.43,50.43,1,1,0,142,1,1,resort,0
1538,2022-05-11 18:26:00,2022-05-11 16:03:00,2,90.5,9.899999999999999,19.799999999999997,1,1,0,142,1,0,hotel,1
1539,2022-05-03 18:28:00,2021-11-02 15:15:00,3,23.666666666666668,14.79,44.37,2,2,182,150,1,1,public parking lot,0
1540,2022-05-21 20:50:00,2022-05-21 17:07:00,2,241.0,14.465,28.93,2,1,0,132,1,0,hotel,0
1541,2022-05-21 14:20:00,2022-05-21 14:20:00,1,107.0,6.54,6.54,1,1,0,132,1,0,sightseeing,0
1543,2022-05-08 20:55:00,2021-10-21 19:16:00,5,278.2,30.794,153.97,3,2,199,145,1,0,public area,1
1544,2022-05-17 23:17:00,2022-05-02 19:22:00,9,92.88888888888889,10.645555555555555,95.81,4,3,15,135,1,0,hotel,1
1545,2022-05-17 15:18:00,2021-12-18 13:56:00,3,30.0,18.599999999999998,55.8,3,1,150,136,1,1,public parking lot,0
1546,2022-05-22 21:48:00,2022-05-19 22:11:00,3,227.33333333333334,25.790000000000003,77.37,2,1,2,131,1,0,resort,1
1547,2022-05-21 21:54:00,2022-05-21 17:55:00,2,151.5,18.0,36.0,1,1,0,132,1,0,hotel,1
1548,2022-05-12 16:05:00,2022-05-11 12:09:00,2,30.5,17.67,35.34,2,2,1,141,1,1,public institution,0
1549,2022-05-22 19:14:00,2022-05-22 19:09:00,2,271.5,28.775,57.55,1,1,0,131,1,0,resort,1
1550,2022-05-07 12:00:00,2022-03-24 16:54:00,2,47.5,2.9050000000000002,5.8100000000000005,2,1,43,146,1,0,public area,0
1551,2022-05-12 14:51:00,2022-05-08 16:17:00,3,146.33333333333334,15.563333333333333,46.69,2,2,3,141,1,0,hotel,1
1552,2022-05-01 20:39:00,2022-05-01 20:39:00,1,190.0,17.7,17.7,1,1,0,152,1,0,resort,0
1553,2022-05-26 22:37:00,2022-05-25 16:59:00,5,113.0,12.829999999999998,64.14999999999999,2,1,1,127,1,0,hotel,1
1554,2022-05-14 11:25:00,2021-10-03 15:07:00,13,59.61538461538461,23.931538461538462,311.11,5,3,222,139,1,1,public institution,0
1555,2022-05-14 21:37:00,2022-05-14 20:41:00,2,26.5,25.09,50.18,1,1,0,139,1,1,sightseeing,0
1556,2022-05-14 20:26:00,2022-05-14 20:26:00,1,28.0,22.15,22.15,1,1,0,139,1,1,public parking lot,0
1558,2022-05-07 22:22:00,2022-05-05 20:31:00,3,255.0,28.333333333333332,85.0,1,1,2,146,1,0,resort,1
1559,2022-05-31 09:42:00,2022-01-25 10:07:00,13,611.8461538461538,32.84615384615385,427.0,3,2,125,122,1,0,restaurant,0
1560,2022-05-23 21:09:00,2022-05-23 21:09:00,1,71.0,8.1,8.1,1,1,0,130,1,0,hotel,1
1561,2022-05-07 20:13:00,2022-05-07 13:17:00,2,325.5,14.275,28.55,1,1,0,146,1,0,public area,0
1562,2022-05-25 07:39:00,2022-05-21 07:31:00,3,256.3333333333333,25.61,76.83,2,1,4,128,1,0,resort,1
1563,2022-05-18 18:10:00,2022-05-17 20:36:00,2,197.5,22.775,45.55,1,1,0,135,1,0,public area,1
1564,2022-05-21 21:23:00,2021-11-30 09:20:00,9,35.888888888888886,11.729999999999999,105.57,8,4,172,132,1,1,public institution,0
1565,2022-05-01 20:31:00,2022-04-30 07:49:00,3,198.0,19.566666666666666,58.7,1,1,1,152,1,0,company,1
1566,2022-05-21 10:02:00,2022-05-20 09:57:00,4,70.0,6.79,27.16,4,1,1,132,1,0,resort,1
1567,2022-05-20 21:48:00,2022-05-20 21:48:00,1,120.0,13.7,13.7,1,1,0,133,1,0,company,1
1568,2022-05-30 22:10:00,2022-05-30 22:10:00,1,230.0,26.64,26.64,1,1,0,123,1,0,public area,1
1569,2022-05-28 19:20:00,2022-05-06 08:23:00,36,149.5,8.400277777777779,302.41,6,2,22,125,1,0,resort,1
1570,2022-05-11 16:55:00,2022-05-11 16:55:00,1,28.0,17.95,17.95,1,1,0,142,1,1,public area,0
1571,2022-05-07 09:54:00,2022-01-09 08:08:00,8,167.375,9.147499999999999,73.17999999999999,4,2,118,146,1,0,public area,0
1572,2022-05-05 08:46:00,2022-02-20 09:22:00,3,271.0,16.12,48.36,2,1,73,148,1,0,restaurant,0
1573,2022-05-29 21:57:00,2022-05-29 21:52:00,2,68.0,7.5649999999999995,15.129999999999999,1,1,0,124,1,0,resort,1
1574,2022-05-11 16:07:00,2022-04-21 11:04:00,24,132.75,7.512083333333333,180.29,9,4,20,142,1,0,hotel,0
1575,2022-05-16 09:53:00,2022-03-04 10:37:00,21,52.904761904761905,24.633333333333333,517.3,15,5,72,137,1,1,sightseeing,0
1576,2022-05-17 20:32:00,2022-05-12 20:37:00,5,198.0,21.497999999999998,107.49,1,1,4,136,1,0,resort,1
1577,2022-05-14 19:43:00,2022-05-13 14:42:00,2,179.0,19.61,39.22,2,1,1,139,1,0,resort,1
1578,2022-05-24 21:34:00,2022-05-24 21:34:00,1,301.0,21.1,21.1,1,1,0,129,1,0,public institution,0
1579,2022-05-08 16:24:00,2022-05-08 11:59:00,3,35.0,3.85,11.55,3,2,0,145,1,0,sightseeing,0
1580,2022-05-01 18:35:00,2022-05-01 12:18:00,2,31.0,7.69,15.38,2,1,0,152,1,0,sightseeing,0
1581,2022-05-03 21:07:00,2022-05-02 18:20:00,2,36.0,22.23,44.46,1,1,1,150,1,1,public parking lot,0
1582,2022-05-15 14:33:00,2022-05-15 14:33:00,1,23.0,13.82,13.82,1,1,0,138,1,1,public parking lot,0
1583,2022-05-30 07:22:00,2022-05-03 07:43:00,31,172.61290322580646,8.833225806451612,273.83,4,1,26,123,1,0,public area,0
1584,2022-05-22 17:05:00,2022-05-22 15:40:00,3,38.333333333333336,2.09,6.27,2,1,0,131,1,0,hotel,1
1585,2022-05-31 08:31:00,2022-04-20 21:17:00,6,96.5,16.043333333333333,96.25999999999999,4,3,40,122,1,0,public area,0
1586,2022-05-09 09:01:00,2021-10-07 13:12:00,48,57.083333333333336,32.615833333333335,1565.56,16,6,213,144,1,1,sightseeing,0
1587,2022-05-29 22:46:00,2022-05-29 22:46:00,1,365.0,39.41,39.41,1,1,0,123,1,0,hotel,1
1588,2022-05-10 10:03:00,2021-10-20 15:33:00,14,17.142857142857142,3.9071428571428575,54.7,8,4,201,143,1,1,public institution,0
1589,2022-05-12 14:17:00,2021-11-01 08:50:00,3,199.66666666666666,16.55666666666667,49.67,3,1,192,141,1,0,public area,0
1590,2022-04-30 20:27:00,2022-04-29 00:04:00,2,396.5,45.010000000000005,90.02000000000001,2,1,1,153,1,0,hotel,1
1591,2022-05-26 09:17:00,2022-05-26 09:17:00,1,3.0,0.01,0.01,1,1,0,127,1,0,hotel,1
1592,2022-05-11 09:38:00,2022-05-08 13:52:00,2,57.5,6.789999999999999,13.579999999999998,1,1,2,142,1,0,public institution,1
1593,2022-05-08 10:39:00,2022-05-08 10:39:00,1,74.0,8.5,8.5,1,1,0,145,1,0,restaurant,0
1594,2022-05-29 12:52:00,2022-05-29 12:52:00,1,33.0,26.29,26.29,1,1,0,124,1,1,market,0
1596,2022-05-07 19:57:00,2022-05-07 19:57:00,1,166.0,17.71,17.71,1,1,0,146,1,0,resort,1
1597,2022-05-05 07:35:00,2022-05-05 07:35:00,1,52.0,5.88,5.88,1,1,0,148,1,0,resort,1
1598,2022-05-22 16:15:00,2022-05-22 16:15:00,1,36.0,22.79,22.79,1,1,0,131,1,1,hotel,0
1599,2022-05-25 12:12:00,2022-05-17 15:09:00,9,152.33333333333334,17.006666666666668,153.06,4,2,7,128,1,0,apartment,1
1600,2022-05-19 20:44:00,2022-05-19 15:46:00,2,193.5,20.520000000000003,41.040000000000006,2,2,0,134,1,0,company,0
1601,2022-05-16 06:33:00,2022-05-13 18:38:00,3,271.0,20.529999999999998,61.589999999999996,2,1,2,137,1,0,resort,1
1602,2022-05-14 10:12:00,2022-05-14 10:12:00,1,102.0,12.25,12.25,1,1,0,139,1,0,public area,0
1603,2022-05-09 21:18:00,2022-05-09 21:18:00,1,251.0,28.91,28.91,1,1,0,144,1,0,hotel,1
1604,2022-05-09 11:05:00,2022-05-05 21:01:00,3,63.0,3.7566666666666664,11.27,2,2,3,144,1,0,public area,0
1605,2022-05-04 07:47:00,2022-05-04 07:47:00,1,44.0,37.64,37.64,1,1,0,149,1,1,public area,0
1606,2022-05-06 17:51:00,2022-05-01 13:31:00,7,26.0,18.112857142857145,126.79,4,1,5,147,1,1,public area,0
1607,2022-05-06 17:56:00,2022-05-01 16:32:00,9,25.666666666666668,20.936666666666667,188.43,6,1,5,147,1,1,public area,0
1608,2022-05-06 17:55:00,2022-05-02 15:08:00,10,28.1,20.217,202.17,6,1,4,147,1,1,public area,0
1609,2022-05-20 01:47:00,2022-05-18 19:27:00,3,151.0,16.61,49.83,2,1,1,133,1,0,resort,1
1610,2022-05-09 14:56:00,2022-05-08 16:16:00,3,95.0,8.986666666666666,26.959999999999997,2,1,0,144,1,0,resort,0
1611,2022-05-24 19:35:00,2021-10-03 21:11:00,140,272.52142857142854,31.32785714285714,4385.9,11,5,232,129,1,0,public area,1
1613,2022-05-28 13:43:00,2022-04-24 18:05:00,5,176.8,8.873999999999999,44.37,4,3,33,125,1,0,company,0
1614,2022-05-05 21:41:00,2022-05-04 14:39:00,2,176.0,20.75,41.5,1,1,1,148,1,0,hotel,1
1615,2022-05-03 08:34:00,2021-10-02 14:28:00,11,123.18181818181819,6.717272727272728,73.89,6,3,212,150,1,0,public parking lot,0
1616,2022-05-17 14:13:00,2022-05-16 14:29:00,3,18.0,10.226666666666667,30.68,3,3,0,136,1,1,market,0
1617,2022-05-25 22:09:00,2022-03-18 23:03:00,5,54.2,37.410000000000004,187.05,3,1,67,128,1,1,public parking lot,0
1618,2022-05-19 13:06:00,2021-10-16 11:04:00,10,100.0,13.98,139.8,7,3,215,134,1,0,public institution,0
1619,2022-05-05 12:55:00,2022-05-05 12:46:00,2,27.5,18.08,36.16,1,1,0,148,1,1,public area,0
1620,2022-05-14 18:21:00,2022-05-14 16:38:00,2,57.5,6.07,12.14,1,1,0,139,1,0,resort,1
1621,2022-05-26 22:41:00,2022-05-25 22:51:00,2,216.5,24.64,49.28,1,1,0,126,1,0,resort,1
1622,2022-05-25 15:16:00,2022-04-27 12:17:00,14,88.57142857142857,5.276428571428572,73.87,11,4,28,128,1,0,public area,0
1623,2022-05-03 23:10:00,2022-05-02 18:18:00,2,158.0,17.05,34.1,1,1,1,149,1,0,resort,1
1624,2022-05-18 06:55:00,2022-01-27 13:34:00,2,90.5,10.21,20.42,2,2,110,135,1,0,hotel,0
1625,2022-05-06 21:40:00,2021-10-09 23:46:00,11,33.18181818181818,13.153636363636364,144.69,6,3,208,147,1,1,public parking lot,0
1626,2022-05-10 13:50:00,2022-05-10 13:50:00,1,28.0,3.24,3.24,1,1,0,143,1,0,public institution,1
1627,2022-05-27 20:48:00,2022-05-27 20:48:00,1,365.0,40.43,40.43,1,1,0,126,1,0,resort,1
1629,2022-05-17 15:09:00,2021-10-01 09:36:00,108,129.11111111111111,6.870648148148148,742.03,4,1,228,136,1,0,apartment,1
1630,2022-05-05 17:29:00,2022-04-01 12:28:00,10,46.2,6.821000000000001,68.21000000000001,6,4,34,148,1,1,hotel,0
1631,2022-05-26 04:19:00,2022-04-06 22:57:00,5,116.0,12.872,64.36,3,1,49,127,1,0,camping,1
1632,2022-05-26 21:42:00,2022-05-26 21:42:00,1,240.0,27.07,27.07,1,1,0,127,1,0,resort,1
1633,2022-05-23 19:56:00,2022-05-22 18:21:00,4,80.75,9.095,36.38,3,2,1,130,1,0,hotel,1
1634,2022-05-31 15:25:00,2022-05-31 15:25:00,1,12.0,5.58,5.58,1,1,0,122,1,1,sightseeing,0
1635,2022-05-15 19:10:00,2022-05-15 19:10:00,1,400.0,45.3,45.3,1,1,0,138,1,0,resort,1
1636,2022-05-06 21:56:00,2022-05-04 09:39:00,4,26.5,12.82,51.28,4,3,2,147,1,1,public parking lot,0
1637,2022-05-05 20:56:00,2022-05-03 22:52:00,2,178.0,20.150000000000002,40.300000000000004,1,1,1,148,1,0,resort,1
1638,2022-05-08 17:25:00,2022-05-08 17:25:00,1,73.0,8.3,8.3,1,1,0,145,1,0,hotel,1
1639,2022-05-07 09:42:00,2022-05-04 18:19:00,5,335.6,14.11,70.55,2,1,2,146,1,0,hotel,1
1640,2022-05-22 17:49:00,2022-05-22 17:49:00,1,10.0,1.21,1.21,1,1,0,131,1,0,public area,1
1641,2022-05-30 10:11:00,2022-05-30 10:11:00,1,76.0,4.6,4.6,1,1,0,123,1,0,sightseeing,0
1642,2022-05-06 00:09:00,2022-05-06 00:02:00,2,223.0,25.389999999999997,50.779999999999994,1,1,0,147,1,0,hotel,1
1643,2022-05-18 18:46:00,2022-05-18 18:42:00,2,223.5,14.73,29.46,1,1,0,135,1,0,resort,1
1645,2022-05-20 20:25:00,2021-10-16 13:02:00,42,81.85714285714286,4.981428571428571,209.22,7,6,216,133,1,0,golf,1
1646,2022-05-02 13:24:00,2022-04-15 10:19:00,7,88.42857142857143,5.302857142857143,37.120000000000005,7,5,17,151,1,0,sightseeing,0
1647,2022-05-01 20:57:00,2021-12-24 10:58:00,5,212.4,35.03,175.15,3,3,128,152,1,0,golf,0
1648,2022-05-29 20:48:00,2022-05-29 20:48:00,1,189.0,21.11,21.11,1,1,0,124,1,0,resort,1
1649,2022-05-04 09:17:00,2022-04-24 16:37:00,2,20.0,13.9,27.8,2,2,9,149,1,0,hotel,0
1650,2022-05-17 18:54:00,2022-05-17 18:54:00,1,271.0,29.97,29.97,1,1,0,136,1,0,resort,1
1651,2022-05-27 19:13:00,2022-05-26 13:16:00,3,46.333333333333336,7.109999999999999,21.33,3,2,1,126,1,0,sightseeing,0
1653,2022-05-18 13:35:00,2022-05-18 13:35:00,1,19.0,10.94,10.94,1,1,0,135,1,1,public institution,0
1654,2022-05-18 00:10:00,2022-05-18 00:10:00,1,240.0,26.57,26.57,1,1,0,135,1,0,resort,1
1655,2022-05-26 21:31:00,2022-05-26 21:31:00,1,400.0,44.98,44.98,1,1,0,127,1,0,resort,1
1656,2022-05-17 18:21:00,2021-10-20 13:09:00,11,69.36363636363636,8.17090909090909,89.88,2,2,209,136,1,0,public area,1
1657,2022-05-18 15:59:00,2022-05-13 18:22:00,2,44.5,13.040000000000001,26.080000000000002,2,1,4,135,1,0,public area,0
1659,2022-05-25 22:45:00,2022-05-25 22:45:00,1,87.0,9.75,9.75,1,1,0,127,1,0,hotel,1
1660,2022-05-23 21:01:00,2022-05-22 20:41:00,3,138.0,14.979999999999999,44.94,1,1,1,130,1,0,resort,1
1661,2022-05-13 15:01:00,2022-05-13 14:47:00,2,30.5,3.455,6.91,1,1,0,140,1,0,hotel,1
1662,2022-05-09 17:11:00,2022-05-09 17:11:00,1,41.0,1.06,1.06,1,1,0,144,1,1,public parking lot,0
1663,2022-05-06 23:55:00,2022-05-06 23:55:00,1,48.0,25.09,25.09,1,1,0,146,1,1,public parking lot,0
1664,2022-05-28 16:42:00,2022-05-03 11:55:00,9,389.77777777777777,42.63111111111111,383.68,5,2,25,125,1,0,resort,1
1665,2022-05-14 08:16:00,2022-05-13 18:52:00,3,96.66666666666667,11.193333333333333,33.58,2,2,0,139,1,0,hotel,1
1666,2022-05-26 11:01:00,2022-02-08 13:09:00,18,41.333333333333336,25.10388888888889,451.87,8,5,106,127,1,1,public institution,0
1667,2022-05-23 21:26:00,2022-05-04 21:39:00,13,55.38461538461539,19.893076923076926,258.61,13,5,18,130,1,1,public area,0
1668,2022-05-13 07:46:00,2022-02-15 19:27:00,37,50.945945945945944,22.99837837837838,850.94,7,2,86,140,1,1,public area,0
1669,2022-05-07 19:19:00,2022-05-07 19:19:00,1,49.0,6.58,6.58,1,1,0,146,1,0,hotel,1
1671,2022-04-20 14:26:00,2022-04-19 11:16:00,2,36.5,30.15,60.3,1,1,1,163,1,1,sightseeing,0
1672,2022-04-30 09:11:00,2022-04-05 11:13:00,7,27.285714285714285,3.0714285714285716,21.5,2,1,24,153,1,0,public area,0
1674,2022-04-19 12:31:00,2022-04-16 18:21:00,2,34.0,21.48,42.96,2,2,2,164,1,1,public institution,0
1675,2022-04-17 15:30:00,2022-04-17 15:30:00,1,20.0,2.3,2.3,1,1,0,166,1,0,public area,0
1676,2022-04-04 08:51:00,2022-03-25 10:09:00,9,174.44444444444446,3.598888888888889,32.39,4,3,9,179,1,0,public area,1
1677,2022-04-28 17:35:00,2022-04-28 17:35:00,1,46.0,13.93,13.93,1,1,0,155,1,1,hotel,0
1679,2022-04-20 19:52:00,2022-04-19 09:28:00,5,22.6,17.491999999999997,87.46,5,3,1,163,1,1,public area,0
1680,2022-04-15 11:23:00,2022-04-15 11:23:00,1,88.0,10.37,10.37,1,1,0,168,1,0,public area,0
1681,2022-04-02 13:12:00,2022-04-02 13:12:00,1,1439.0,11.06,11.06,1,1,0,181,1,0,apartment,0
1683,2022-04-28 14:50:00,2022-04-27 02:11:00,3,94.33333333333333,10.763333333333334,32.29,3,1,1,155,1,0,resort,1
1684,2022-04-04 17:33:00,2022-04-04 17:33:00,1,0.0,7.19,7.19,1,1,0,179,1,0,hotel,1
1685,2022-04-17 19:00:00,2022-04-17 19:00:00,1,472.0,50.52,50.52,1,1,0,166,1,0,hotel,1
1686,2022-04-28 18:35:00,2022-04-24 20:17:00,4,550.75,44.6,178.4,2,2,3,155,1,0,golf,0
1687,2022-04-02 15:53:00,2022-03-31 17:06:00,3,40.333333333333336,24.30333333333333,72.91,2,2,1,181,1,1,resort,0
1688,2022-04-14 15:08:00,2022-04-14 15:08:00,1,14.0,21.73,21.73,1,1,0,169,1,1,public institution,0
1689,2022-04-21 21:37:00,2021-10-01 21:08:00,21,496.04761904761904,58.8847619047619,1236.58,11,4,202,162,1,0,apartment,1
1690,2022-04-09 13:49:00,2022-04-09 13:49:00,1,14.0,8.94,8.94,1,1,0,174,1,1,public area,0
1691,2022-04-25 10:04:00,2021-10-06 09:10:00,54,39.22222222222222,23.18925925925926,1252.22,2,1,201,158,1,1,public area,0
1692,2022-04-03 18:36:00,2022-01-25 17:33:00,5,117.0,6.220000000000001,31.1,3,3,68,180,1,0,company,0
1693,2022-04-15 15:08:00,2022-04-15 15:08:00,1,261.0,31.03,31.03,1,1,0,168,1,0,hotel,0
1694,2022-04-05 20:51:00,2022-04-05 20:51:00,1,94.0,26.08,26.08,1,1,0,178,1,1,resort,0
1695,2022-04-02 11:09:00,2022-02-05 13:01:00,2,104.5,11.18,22.36,2,2,55,181,1,0,public area,0
1696,2022-04-17 17:00:00,2022-04-17 17:00:00,1,450.0,50.91,50.91,1,1,0,166,1,0,hotel,1
1697,2022-04-23 12:28:00,2022-01-08 12:55:00,8,286.125,12.16,97.28,1,1,104,160,1,0,apartment,0
1698,2022-04-01 21:11:00,2022-03-28 15:34:00,7,85.42857142857143,7.782857142857144,54.480000000000004,6,3,4,182,1,0,hotel,0
1699,2022-04-24 14:56:00,2022-04-08 12:19:00,7,75.85714285714286,4.585714285714286,32.1,6,3,16,159,1,0,company,0
1700,2022-04-10 13:54:00,2022-04-10 13:54:00,1,30.0,3.22,3.22,1,1,0,173,1,0,hotel,1
1701,2022-04-28 18:32:00,2022-04-28 18:32:00,1,69.0,4.08,4.08,1,1,0,155,1,0,public area,0
1702,2022-04-23 10:14:00,2022-01-03 08:57:00,5,146.4,12.89,64.45,3,2,110,160,1,0,public area,0
1703,2022-04-21 18:32:00,2022-01-01 12:18:00,23,279.9130434782609,33.936521739130434,780.54,8,3,110,162,1,0,camping,1
1704,2022-04-17 12:59:00,2022-04-17 12:59:00,1,61.0,30.7,30.7,1,1,0,166,1,1,sightseeing,0
1705,2022-04-04 20:13:00,2021-11-03 19:02:00,6,169.83333333333334,19.055,114.33,5,2,152,179,1,0,apartment,0
1706,2022-04-08 16:16:00,2022-04-08 16:16:00,1,207.0,22.18,22.18,1,1,0,175,1,0,hotel,0
1707,2022-04-10 19:18:00,2022-03-30 16:09:00,3,405.3333333333333,45.199999999999996,135.6,3,1,11,173,1,0,apartment,1
1708,2022-04-16 12:03:00,2022-01-06 08:11:00,15,139.06666666666666,17.231333333333332,258.46999999999997,10,4,100,167,1,0,public institution,0
1709,2022-04-05 14:39:00,2022-04-05 13:47:00,2,40.0,19.765,39.53,1,1,0,178,1,1,public parking lot,0
1710,2022-04-02 15:39:00,2021-10-01 08:25:00,46,163.17391304347825,16.29695652173913,749.66,5,2,183,181,1,0,public institution,1
1711,2022-04-08 10:01:00,2021-11-11 13:23:00,13,43.84615384615385,33.668461538461536,437.69,5,2,147,175,1,1,public institution,0
1712,2022-04-04 20:07:00,2022-04-03 15:58:00,2,194.0,9.66,19.32,2,2,1,179,1,0,hotel,0
1713,2022-04-23 14:51:00,2022-01-02 11:37:00,14,93.64285714285714,18.207857142857144,254.91,8,2,111,160,1,0,public institution,0
1714,2022-04-21 17:25:00,2022-04-09 19:26:00,7,177.14285714285714,7.921428571428572,55.45,2,1,11,162,1,0,public area,1
1715,2022-04-06 17:25:00,2022-04-02 18:34:00,2,241.0,7.75,15.5,1,1,3,177,1,0,public institution,0
1716,2022-04-12 19:13:00,2022-04-12 19:13:00,1,51.0,6.0,6.0,1,1,0,171,1,0,apartment,1
1717,2022-04-05 10:09:00,2021-11-02 21:25:00,66,192.8939393939394,9.602121212121212,633.74,7,4,153,178,1,0,resort,0
1718,2022-04-03 13:09:00,2022-03-08 22:06:00,2,4.5,2.21,4.42,2,2,25,180,1,1,public area,0
1719,2022-04-27 13:27:00,2022-04-27 13:27:00,1,5.0,0.6,0.6,1,1,0,156,1,0,company,1
1720,2022-04-30 17:00:00,2021-12-02 20:35:00,12,126.16666666666667,13.994166666666667,167.93,2,1,148,153,1,0,resort,1
1721,2022-04-14 12:50:00,2022-04-14 12:50:00,1,37.0,4.4,4.4,1,1,0,169,1,0,public institution,0
1722,2022-04-23 20:50:00,2022-04-23 20:50:00,1,208.0,23.0,23.0,1,1,0,160,1,0,resort,0
1723,2022-04-26 18:48:00,2022-04-24 16:56:00,4,259.25,14.9325,59.73,2,1,2,157,1,0,resort,0
1724,2022-04-07 15:52:00,2021-11-11 16:07:00,6,70.83333333333333,7.87,47.22,6,4,146,176,1,0,sightseeing,0
1725,2022-04-22 20:38:00,2022-04-22 20:38:00,1,356.0,23.4,23.4,1,1,0,161,1,0,resort,1
1726,2022-04-10 15:29:00,2022-04-10 15:29:00,1,79.0,6.61,6.61,1,1,0,173,1,0,resort,0
1727,2022-04-30 11:04:00,2021-10-02 12:52:00,4,114.25,6.6175,26.47,4,4,209,153,1,0,apartment,0
1728,2022-04-13 18:57:00,2022-04-13 18:57:00,1,40.0,4.45,4.45,1,1,0,170,1,0,hotel,1
1729,2022-04-18 20:55:00,2022-04-18 20:55:00,1,40.0,13.8,13.8,1,1,0,165,1,1,public institution,0
1730,2022-04-04 20:37:00,2022-04-04 20:37:00,1,246.0,23.2,23.2,1,1,0,179,1,0,resort,0
1731,2022-04-16 16:00:00,2021-10-01 11:56:00,6,49.333333333333336,19.970000000000002,119.82000000000001,6,4,197,167,1,1,public area,0
1732,2022-03-31 22:46:00,2022-03-31 22:46:00,1,0.0,16.87,16.87,1,1,0,182,1,0,hotel,1
1733,2022-04-06 09:43:00,2022-04-06 09:43:00,1,62.0,7.3,7.3,1,1,0,177,1,0,public area,0
1734,2022-04-04 17:04:00,2021-11-09 19:01:00,2,22.0,14.99,29.98,2,2,145,179,1,1,public institution,0
1735,2022-04-12 21:34:00,2022-04-01 01:16:00,3,38.666666666666664,48.60666666666666,145.82,2,1,11,171,1,1,public area,0
1736,2022-03-28 09:28:00,2022-01-03 17:16:00,13,112.23076923076923,17.805384615384614,231.47,7,4,83,186,1,0,company,1
1737,2022-04-30 10:52:00,2022-01-03 08:07:00,5,90.8,12.39,61.95,4,2,117,153,1,0,company,1
1738,2022-04-11 13:07:00,2022-04-11 13:07:00,1,19.0,15.64,15.64,1,1,0,172,1,1,public institution,0
1739,2022-04-23 23:28:00,2022-01-25 22:11:00,6,369.5,48.28666666666667,289.72,4,2,88,159,1,0,public area,1
1740,2022-04-05 08:25:00,2022-04-03 17:09:00,2,23.0,5.325,10.65,2,2,1,178,1,0,public area,0
1741,2022-04-16 18:47:00,2022-04-14 21:17:00,2,41.0,14.330000000000002,28.660000000000004,2,1,1,167,1,0,hotel,1
1742,2022-04-19 21:44:00,2022-04-19 18:43:00,2,227.5,16.175,32.35,1,1,0,164,1,0,hotel,1
1743,2022-04-01 14:25:00,2022-04-01 14:25:00,1,68.0,4.1,4.1,1,1,0,182,1,0,public area,0
1745,2022-04-02 16:12:00,2021-10-24 14:34:00,41,37.21951219512195,19.400243902439023,795.41,15,2,160,181,1,1,public institution,0
1746,2022-04-23 14:53:00,2022-03-04 10:17:00,2,70.5,21.485,42.97,2,2,50,160,1,0,public area,0
1747,2022-04-09 17:42:00,2022-04-09 17:42:00,1,39.0,2.23,2.23,1,1,0,174,1,0,hotel,1
1749,2022-04-14 10:47:00,2022-04-12 15:22:00,4,29.5,16.7525,67.01,3,3,1,169,1,1,hotel,0
1750,2022-04-25 08:26:00,2022-04-24 20:02:00,2,150.0,16.165,32.33,1,1,0,158,1,0,resort,1
1751,2022-04-02 21:09:00,2022-02-09 14:23:00,29,92.34482758620689,25.549310344827585,740.93,14,6,52,181,1,1,public parking lot,0
1752,2022-04-15 16:36:00,2022-04-15 16:36:00,1,45.0,15.68,15.68,1,1,0,168,1,1,public parking lot,0
1753,2022-04-08 21:00:00,2022-04-08 21:00:00,1,29.0,16.38,16.38,1,1,0,175,1,1,restaurant,0
1754,2022-04-06 18:43:00,2022-04-06 18:43:00,1,10.0,0.58,0.58,1,1,0,177,1,0,market,1
1755,2022-04-17 12:53:00,2022-04-17 12:53:00,1,55.0,6.2,6.2,1,1,0,166,1,0,sightseeing,0
1756,2022-04-09 14:27:00,2022-03-23 12:42:00,3,75.33333333333333,7.963333333333334,23.89,3,3,17,174,1,0,golf,0
1757,2022-04-17 10:58:00,2022-04-14 13:13:00,4,47.75,28.520000000000003,114.08000000000001,4,3,2,166,1,1,public area,0
1758,2022-04-02 13:58:00,2022-04-02 13:58:00,1,28.0,1.47,1.47,1,1,0,181,1,1,public institution,0
1759,2022-04-15 13:07:00,2022-01-09 14:58:00,7,94.28571428571429,5.258571428571429,36.81,2,2,95,168,1,0,apartment,0
1760,2022-04-26 18:27:00,2022-04-04 19:45:00,10,65.5,7.388,73.88,5,5,21,157,1,1,hotel,0
1761,2022-04-06 12:08:00,2021-10-04 15:03:00,31,29.258064516129032,11.916451612903225,369.40999999999997,23,6,183,177,1,1,public parking lot,0
1762,2022-04-11 12:33:00,2022-04-10 12:12:00,2,82.0,16.515,33.03,2,2,1,172,1,0,resort,0
1763,2022-04-24 10:30:00,2022-04-24 10:19:00,4,0.0,0.045,0.18,1,1,0,159,1,1,public institution,0
1764,2022-04-07 11:57:00,2021-12-04 19:50:00,86,129.2906976744186,7.576976744186046,651.62,6,2,123,176,1,0,apartment,0
1765,2022-04-20 09:14:00,2022-04-12 19:39:00,9,106.11111111111111,6.328888888888889,56.96,4,1,7,163,1,0,apartment,0
1766,2022-04-21 09:13:00,2022-04-17 08:05:00,8,18.0,8.445,67.56,6,4,4,162,1,1,market,0
1767,2022-04-27 16:16:00,2022-04-27 16:16:00,1,14.0,11.39,11.39,1,1,0,156,1,1,public institution,0
1768,2022-04-19 15:27:00,2022-03-23 11:31:00,9,36.22222222222222,26.299999999999997,236.7,8,4,27,164,1,1,public parking lot,0
1769,2022-04-19 08:38:00,2022-01-03 11:29:00,34,132.58823529411765,14.137058823529413,480.66,3,1,105,164,1,0,apartment,0
1770,2022-04-02 11:46:00,2022-04-02 11:46:00,1,24.0,9.43,9.43,1,1,0,181,1,1,public parking lot,0
1772,2022-04-28 12:50:00,2021-11-17 16:34:00,48,59.520833333333336,2.9858333333333333,143.32,19,8,161,155,1,0,apartment,0
1773,2022-04-18 22:04:00,2022-04-18 22:00:00,2,15.5,4.425,8.85,1,1,0,165,1,1,public area,0
1774,2022-04-13 16:49:00,2022-04-08 11:55:00,4,51.5,28.6375,114.55,3,2,5,170,1,1,public parking lot,0
1775,2022-04-22 19:14:00,2022-04-22 19:14:00,1,200.0,22.7,22.7,1,1,0,161,1,0,company,1
1776,2022-04-08 18:05:00,2022-03-29 11:25:00,4,170.25,32.269999999999996,129.07999999999998,4,2,10,175,1,0,public institution,0
1778,2022-04-07 14:37:00,2022-04-07 14:04:00,3,51.0,5.466666666666666,16.4,1,1,0,176,1,0,restaurant,0
1779,2022-04-24 15:05:00,2022-04-24 15:05:00,1,203.0,10.93,10.93,1,1,0,159,1,0,public parking lot,0
1780,2022-04-04 12:58:00,2022-04-04 12:58:00,1,70.0,1.62,1.62,1,1,0,179,1,0,restaurant,0
1781,2022-04-16 19:52:00,2021-10-05 21:52:00,8,46.125,22.09125,176.73,6,3,192,167,1,1,public institution,0
1782,2022-04-03 22:04:00,2022-04-03 22:04:00,1,582.0,56.36,56.36,1,1,0,180,1,0,hotel,1
1783,2022-04-29 11:49:00,2022-04-29 11:49:00,1,67.0,7.75,7.75,1,1,0,154,1,1,hotel,0
1785,2022-04-03 17:11:00,2022-04-03 17:11:00,1,60.0,6.44,6.44,1,1,0,180,1,0,resort,1
1786,2022-04-15 21:17:00,2022-04-12 21:58:00,2,162.0,18.314999999999998,36.629999999999995,2,2,2,168,1,0,hotel,1
1789,2022-04-06 14:49:00,2022-04-01 10:17:00,3,40.333333333333336,13.466666666666669,40.400000000000006,3,2,5,177,1,1,sightseeing,0
1790,2022-04-18 14:14:00,2022-01-10 23:24:00,6,46.333333333333336,13.048333333333334,78.29,3,2,97,165,1,1,apartment,0
1791,2022-04-11 17:46:00,2022-03-31 18:46:00,2,40.0,24.065,48.13,1,1,10,172,1,1,public institution,0
1792,2022-04-03 11:18:00,2021-12-04 10:19:00,7,229.28571428571428,19.8,138.6,2,2,120,180,1,0,company,0
1793,2022-04-07 21:14:00,2022-04-07 21:14:00,1,183.0,20.38,20.38,1,1,0,176,1,0,hotel,1
1794,2022-04-02 14:21:00,2022-01-08 11:33:00,2,43.0,30.340000000000003,60.68000000000001,2,2,84,181,1,1,market,0
1795,2022-03-30 20:19:00,2022-03-30 18:02:00,2,31.0,13.459999999999999,26.919999999999998,2,1,0,184,1,1,public parking lot,0
1796,2022-02-02 17:57:00,2022-02-02 17:57:00,1,182.0,18.71,18.71,1,1,0,240,1,0,public parking lot,0
1797,2022-03-15 19:00:00,2022-03-15 19:00:00,1,18.0,3.17,3.17,1,1,0,199,1,0,hotel,1
1800,2022-03-12 12:59:00,2022-03-12 12:59:00,1,40.0,25.76,25.76,1,1,0,202,1,1,public institution,0
1801,2022-03-27 20:42:00,2022-02-22 16:49:00,5,22.2,12.620000000000001,63.1,5,4,33,187,1,1,public area,0
1802,2022-03-26 16:12:00,2022-03-26 16:12:00,1,15.0,12.02,12.02,1,1,0,188,1,1,sightseeing,0
1803,2022-03-30 14:01:00,2022-02-23 08:50:00,3,31.333333333333332,13.623333333333333,40.87,2,1,35,184,1,1,public parking lot,0
1804,2022-03-21 10:57:00,2022-01-18 18:20:00,18,34.27777777777778,19.241666666666667,346.35,14,6,61,193,1,1,market,0
1805,2022-03-13 12:39:00,2021-10-05 15:53:00,16,33.6875,17.89125,286.26,10,4,158,201,1,1,public area,0
1806,2022-03-10 17:55:00,2022-03-10 17:55:00,1,15.0,10.43,10.43,1,1,0,204,1,1,sightseeing,0
1807,2022-03-01 11:29:00,2022-02-28 14:02:00,2,57.0,27.365000000000002,54.730000000000004,2,2,0,213,1,0,company,0
1808,2022-03-08 10:26:00,2022-03-08 10:26:00,1,23.0,2.61,2.61,1,1,0,206,1,0,resort,1
1809,2022-03-08 00:45:00,2022-03-07 21:22:00,2,171.0,18.345,36.69,1,1,0,206,1,0,resort,1
1810,2022-03-21 08:45:00,2022-03-20 21:31:00,2,90.0,10.29,20.58,1,1,0,193,1,0,hotel,1
1811,2022-03-17 17:23:00,2021-10-25 13:01:00,9,19.88888888888889,11.903333333333332,107.13,9,6,143,197,1,1,public area,0
1812,2022-03-23 14:48:00,2022-03-23 14:48:00,1,113.0,6.9,6.9,1,1,0,191,1,0,company,1
1813,2022-03-15 20:11:00,2022-03-15 20:11:00,1,3.0,0.02,0.02,1,1,0,199,1,0,hotel,1
1814,2022-03-19 10:29:00,2022-01-01 19:36:00,6,49.166666666666664,25.583333333333332,153.5,6,3,76,195,1,1,sightseeing,0
1815,2022-03-12 20:30:00,2022-03-12 20:30:00,1,252.0,28.41,28.41,1,1,0,202,1,0,hotel,1
1816,2022-03-14 08:25:00,2022-03-12 21:57:00,4,145.75,16.38,65.52,3,1,1,200,1,0,resort,1
1817,2022-03-08 13:37:00,2022-02-18 16:04:00,3,32.666666666666664,22.126666666666665,66.38,2,2,17,206,1,1,apartment,0
1818,2022-03-24 07:47:00,2022-03-24 07:47:00,1,396.0,48.5,48.5,1,1,0,190,1,0,public area,0
1819,2022-03-06 22:07:00,2022-03-06 18:24:00,2,135.0,14.294999999999998,28.589999999999996,2,1,0,208,1,0,resort,1
1820,2022-03-27 18:43:00,2021-11-23 06:27:00,15,34.8,19.688666666666666,295.33,7,2,124,187,1,1,public institution,0
1821,2022-03-02 12:33:00,2021-11-23 13:42:00,2,18.0,2.505,5.01,2,1,98,212,1,0,public institution,0
1822,2022-03-24 08:49:00,2022-03-20 09:06:00,3,81.33333333333333,8.786666666666667,26.36,2,1,3,190,1,0,golf,1
1824,2022-03-17 09:12:00,2021-10-01 14:30:00,61,46.14754098360656,18.12704918032787,1105.75,19,6,166,197,1,1,public institution,0
1825,2022-03-11 19:09:00,2022-01-05 21:05:00,3,40.0,17.023333333333333,51.07,3,2,64,203,1,1,sightseeing,0
1826,2022-03-04 19:18:00,2022-03-04 16:58:00,2,100.0,11.469999999999999,22.939999999999998,1,1,0,210,1,0,hotel,1
1827,2022-03-09 20:10:00,2022-03-09 12:15:00,2,252.0,31.604999999999997,63.209999999999994,2,1,0,205,1,0,resort,1
1828,2022-03-11 10:13:00,2022-03-10 15:10:00,3,73.66666666666667,8.24,24.72,2,1,0,203,1,0,resort,1
1829,2022-03-23 11:31:00,2022-03-23 11:31:00,1,7.0,3.78,3.78,1,1,0,191,1,1,sightseeing,0
1830,2022-03-29 13:01:00,2022-03-23 13:21:00,3,45.333333333333336,2.6333333333333333,7.9,2,2,5,185,1,0,sightseeing,0
1831,2022-03-11 17:35:00,2022-03-10 18:23:00,2,95.5,10.72,21.44,2,1,0,203,1,0,resort,1
1832,2022-03-08 12:11:00,2022-03-03 16:05:00,3,27.666666666666668,3.16,9.48,2,2,4,206,1,0,sightseeing,0
1833,2022-03-06 22:36:00,2021-10-26 19:54:00,19,344.42105263157896,37.48421052631579,712.2,2,1,131,208,1,0,golf,1
1834,2022-03-14 17:06:00,2022-03-13 18:59:00,2,155.0,17.43,34.86,1,1,0,200,1,0,resort,1
1835,2022-03-28 23:39:00,2022-03-24 23:08:00,2,38.5,14.81,29.62,2,2,4,185,1,1,public institution,0
1836,2022-02-28 18:31:00,2021-10-11 06:41:00,31,263.61290322580646,31.113870967741935,964.53,6,2,140,214,1,0,public area,1
1837,2022-03-07 16:12:00,2022-03-07 16:12:00,1,18.0,3.4,3.4,1,1,0,207,1,1,public parking lot,0
1839,2022-03-07 17:53:00,2022-03-07 17:53:00,1,240.0,26.74,26.74,1,1,0,207,1,0,resort,1
1840,2022-03-05 16:01:00,2022-02-26 15:06:00,5,143.8,7.006,35.03,1,1,7,209,1,0,hotel,0
1841,2022-03-25 08:53:00,2022-03-22 18:35:00,6,49.333333333333336,7.07,42.42,2,1,2,189,1,0,hotel,1
1842,2022-03-08 08:01:00,2021-11-15 06:45:00,3,166.66666666666666,19.736666666666668,59.21,3,3,113,206,1,0,company,1
1843,2022-03-27 08:11:00,2022-03-26 22:05:00,3,60.0,9.436666666666666,28.31,1,1,0,187,1,0,hotel,1
1844,2022-03-30 21:53:00,2021-10-01 17:04:00,4,172.5,15.01,60.04,2,2,180,184,1,0,restaurant,1
1845,2022-03-27 01:17:00,2021-10-03 19:38:00,7,18.142857142857142,9.247142857142858,64.73,6,4,174,187,1,1,public area,0
1846,2022-03-25 14:12:00,2022-03-25 14:12:00,1,69.0,34.65,34.65,1,1,0,189,1,1,public area,0
1847,2022-03-30 14:51:00,2022-03-30 14:51:00,1,3.0,0.2,0.2,1,1,0,184,1,0,sightseeing,0
1848,2022-03-05 17:40:00,2022-03-05 14:57:00,2,110.0,13.08,26.16,1,1,0,209,1,0,apartment,1
1849,2022-03-23 15:06:00,2022-02-10 10:50:00,24,36.833333333333336,23.88083333333333,573.14,3,1,41,191,1,1,public institution,0
1850,2022-03-01 22:31:00,2022-03-01 21:22:00,3,40.333333333333336,4.55,13.649999999999999,1,1,0,213,1,0,resort,1
1851,2022-03-25 10:26:00,2022-03-12 22:16:00,8,58.5,20.197499999999998,161.57999999999998,5,4,12,189,1,1,apartment,0
1852,2022-03-09 19:38:00,2021-12-05 15:41:00,3,285.6666666666667,35.016666666666666,105.05,2,1,94,205,1,0,hotel,1
1853,2022-03-24 22:55:00,2022-03-24 20:14:00,2,120.5,13.205,26.41,1,1,0,189,1,0,resort,1
1854,2022-03-15 13:10:00,2022-03-15 13:10:00,1,32.0,3.8,3.8,1,1,0,199,1,0,public area,1
1855,2022-03-26 09:57:00,2022-03-26 09:57:00,1,126.0,9.69,9.69,1,1,0,188,1,0,resort,0
1856,2022-03-27 14:01:00,2022-03-23 18:44:00,6,40.5,14.408333333333333,86.45,6,2,3,187,1,1,public area,0
1857,2022-02-28 19:38:00,2022-02-27 16:04:00,3,236.33333333333334,26.81,80.42999999999999,1,1,1,214,1,0,resort,1
1858,2022-03-30 22:13:00,2022-01-09 20:22:00,25,179.68,10.692,267.3,3,2,80,184,1,0,apartment,0
1859,2022-03-24 16:39:00,2021-10-05 12:12:00,13,544.8461538461538,33.56923076923077,436.4,3,2,170,190,1,0,market,0
1860,2022-03-29 20:43:00,2022-03-01 15:03:00,30,469.6666666666667,14.700999999999999,441.03,4,3,28,185,1,0,public institution,0
1861,2022-03-31 17:10:00,2022-03-02 11:02:00,16,70.1875,19.158125,306.53,13,6,29,183,1,1,market,0
1862,2022-03-15 13:10:00,2022-03-15 13:10:00,1,43.0,15.68,15.68,1,1,0,199,1,1,company,0
1863,2022-03-31 12:42:00,2022-01-02 13:32:00,3,15.0,7.286666666666666,21.86,3,3,87,183,1,1,public institution,0
1864,2022-03-26 14:17:00,2022-03-09 20:20:00,9,69.11111111111111,16.012222222222224,144.11,5,3,16,188,1,1,public parking lot,0
1865,2022-03-18 11:02:00,2022-01-08 21:31:00,7,36.42857142857143,18.46857142857143,129.28,5,3,68,196,1,1,public parking lot,0
1866,2022-03-28 16:49:00,2022-03-26 14:09:00,3,30.0,22.899999999999995,68.69999999999999,3,3,2,186,1,1,hotel,0
1867,2022-03-24 09:07:00,2022-03-24 09:07:00,1,41.0,26.59,26.59,1,1,0,190,1,1,public parking lot,0
1868,2022-03-01 13:46:00,2022-02-26 13:00:00,4,23.75,12.967500000000001,51.870000000000005,4,2,3,213,1,1,public area,0
1869,2022-03-08 20:42:00,2022-01-24 10:16:00,18,318.1666666666667,12.347777777777777,222.26,1,1,43,206,1,0,apartment,0
1870,2022-03-25 11:57:00,2022-03-25 10:04:00,2,29.0,24.130000000000003,48.260000000000005,2,2,0,189,1,1,public parking lot,0
1871,2022-03-08 21:30:00,2022-03-08 21:30:00,1,302.0,33.84,33.84,1,1,0,206,1,0,resort,1
1872,2022-03-10 14:35:00,2022-02-10 14:19:00,3,57.666666666666664,3.28,9.84,3,3,28,204,1,0,market,0
1873,2022-03-07 21:21:00,2022-03-07 10:12:00,3,83.33333333333333,8.983333333333333,26.95,2,1,0,207,1,0,resort,1
1874,2022-03-26 16:28:00,2022-03-26 16:28:00,1,31.0,16.42,16.42,1,1,0,188,1,1,public parking lot,0
1875,2022-03-22 10:05:00,2022-03-07 17:11:00,4,98.0,21.080000000000002,84.32000000000001,3,1,14,192,1,0,hotel,1
1876,2022-03-29 10:29:00,2022-03-29 10:29:00,1,23.0,20.51,20.51,1,1,0,185,1,1,public institution,0
1877,2022-03-12 13:02:00,2022-03-12 13:02:00,1,4.0,2.41,2.41,1,1,0,202,1,1,public institution,0
1878,2022-03-27 14:22:00,2022-03-27 14:22:00,1,26.0,13.53,13.53,1,1,0,187,1,1,sightseeing,0
1879,2022-02-28 20:57:00,2022-02-28 14:05:00,2,300.0,20.2,40.4,2,1,0,214,1,0,resort,0
1880,2022-03-06 13:08:00,2021-12-11 18:57:00,2,154.0,6.285,12.57,2,2,84,208,1,0,hotel,1
1882,2022-03-09 16:53:00,2022-01-28 16:42:00,7,276.7142857142857,11.248571428571427,78.74,6,2,40,205,1,0,public institution,0
1883,2022-03-11 21:53:00,2022-03-11 21:53:00,1,0.0,53.2,53.2,1,1,0,203,1,0,resort,1
1884,2022-03-26 20:56:00,2022-03-26 15:56:00,2,53.0,26.62,53.24,1,1,0,188,1,0,hotel,1
1885,2022-03-15 15:53:00,2022-03-13 19:19:00,2,119.0,13.780000000000001,27.560000000000002,2,2,1,199,1,0,hotel,1
1886,2022-03-25 14:54:00,2022-03-25 14:54:00,1,121.0,14.19,14.19,1,1,0,189,1,0,public area,1
1887,2022-03-07 19:23:00,2022-03-07 09:17:00,2,182.0,19.82,39.64,2,1,0,207,1,0,resort,1
1888,2022-03-19 19:31:00,2022-03-19 16:23:00,2,196.0,14.365,28.73,1,1,0,195,1,0,company,1
1889,2022-03-26 15:11:00,2022-03-23 21:08:00,3,90.0,10.38,31.14,3,2,2,188,1,0,hotel,1
1890,2022-03-03 17:21:00,2022-02-26 06:18:00,5,513.4,30.916000000000004,154.58,2,1,5,211,1,0,apartment,0
1891,2022-03-24 14:12:00,2022-03-24 14:12:00,1,14.0,9.15,9.15,1,1,0,190,1,1,public area,0
1893,2022-03-04 10:46:00,2021-10-04 10:15:00,34,39.94117647058823,13.875882352941176,471.78,15,7,151,210,1,1,public area,0
1894,2022-03-12 14:05:00,2022-03-12 14:05:00,1,39.0,26.65,26.65,1,1,0,202,1,1,resort,0
1895,2022-03-22 18:52:00,2022-02-23 07:04:00,25,56.0,15.492,387.3,21,7,27,192,1,1,market,0
1896,2022-03-11 19:30:00,2022-03-11 19:30:00,1,378.0,39.81,39.81,1,1,0,203,1,0,hotel,1
1897,2022-03-23 21:02:00,2022-03-23 21:02:00,1,0.0,12.16,12.16,1,1,0,191,1,0,resort,1
1898,2022-03-24 05:32:00,2022-03-23 18:43:00,3,139.33333333333334,15.273333333333333,45.82,2,1,0,190,1,0,resort,1
1899,2022-03-31 11:57:00,2022-03-31 11:57:00,1,191.0,22.3,22.3,1,1,0,183,1,0,resort,0
1900,2022-03-25 07:29:00,2022-03-24 20:37:00,2,225.0,24.575,49.15,1,1,0,189,1,0,resort,1
1901,2022-03-10 11:42:00,2022-03-10 11:42:00,1,116.0,13.4,13.4,1,1,0,204,1,0,public institution,0
1902,2022-03-03 18:37:00,2022-03-02 15:50:00,3,113.66666666666667,11.093333333333334,33.28,2,1,1,211,1,0,resort,1
1903,2022-03-23 16:55:00,2022-03-19 10:37:00,4,210.75,8.1725,32.69,1,1,4,191,1,0,hotel,1
1904,2022-03-15 12:16:00,2021-10-04 15:41:00,25,174.64,24.254,606.35,14,5,161,199,1,0,public area,0
1905,2022-03-18 17:14:00,2021-11-29 16:14:00,6,103.66666666666667,20.165,120.99,4,3,109,196,1,0,hotel,1
1906,2022-03-21 22:51:00,2022-01-13 10:55:00,3,47.666666666666664,24.439999999999998,73.32,2,1,67,192,1,1,public institution,0
1907,2022-03-23 10:31:00,2021-10-15 22:45:00,27,20.37037037037037,15.348518518518517,414.40999999999997,19,5,158,191,1,1,public area,0
1908,2022-03-19 13:00:00,2021-11-20 16:47:00,55,36.29090909090909,23.146727272727272,1273.07,26,5,118,195,1,1,public parking lot,0
1909,2022-03-27 22:12:00,2022-03-27 22:12:00,1,250.0,26.35,26.35,1,1,0,187,1,0,resort,1
1910,2022-03-10 19:21:00,2022-03-10 08:24:00,2,222.5,25.759999999999998,51.519999999999996,1,1,0,204,1,0,resort,1
1911,2022-03-13 19:21:00,2022-03-13 19:21:00,1,508.0,56.8,56.8,1,1,0,201,1,0,resort,0
1912,2022-03-29 09:49:00,2022-03-29 09:49:00,1,42.0,10.76,10.76,1,1,0,185,1,1,public parking lot,0
1913,2022-03-10 18:54:00,2022-03-10 17:36:00,2,131.0,14.565000000000001,29.130000000000003,1,1,0,204,1,0,hotel,1
1914,2022-03-12 13:04:00,2022-02-24 13:01:00,7,90.85714285714286,5.238571428571428,36.67,4,4,16,202,1,0,market,0
1915,2022-03-03 14:05:00,2022-03-03 14:05:00,1,21.0,2.4,2.4,1,1,0,211,1,0,company,1
1916,2022-03-09 22:27:00,2022-03-09 22:27:00,1,69.0,47.34,47.34,1,1,0,205,1,1,restaurant,0
1917,2022-03-18 18:45:00,2022-03-18 18:45:00,1,149.0,9.7,9.7,1,1,0,196,1,0,hotel,1
1918,2022-03-22 12:53:00,2022-03-22 12:53:00,1,97.0,46.53,46.53,1,1,0,192,1,1,public area,0
1919,2022-03-20 11:39:00,2022-03-20 11:39:00,1,32.0,3.73,3.73,1,1,0,194,1,0,resort,1
1920,2022-03-03 15:45:00,2022-02-10 13:21:00,6,141.5,13.963333333333333,83.78,5,3,21,211,1,0,public area,1
1921,2022-03-03 23:58:00,2022-03-01 22:16:00,5,82.2,10.498000000000001,52.49,2,1,2,210,1,0,hotel,1
1922,2022-03-14 10:53:00,2022-03-14 09:41:00,3,16.333333333333332,12.433333333333335,37.300000000000004,1,1,0,200,1,1,public parking lot,0
1923,2022-03-21 15:16:00,2022-03-21 15:16:00,1,283.0,28.47,28.47,1,1,0,193,1,0,public parking lot,0
1924,2022-03-14 20:37:00,2022-03-14 20:37:00,1,2.0,0.15,0.15,1,1,0,200,1,0,resort,1
1925,2022-02-18 09:52:00,2022-02-18 09:52:00,1,40.0,17.55,17.55,1,1,0,224,1,1,public area,0
1926,2022-02-22 11:43:00,2021-10-07 16:03:00,15,85.73333333333333,11.273333333333333,169.1,3,3,137,220,1,0,public area,0
1927,2022-02-07 19:12:00,2021-12-10 18:15:00,6,108.0,20.595000000000002,123.57000000000001,5,3,59,235,1,0,apartment,0
1928,2022-02-17 21:48:00,2022-02-13 16:40:00,4,269.25,31.5075,126.03,3,2,4,225,1,1,hotel,0
1929,2022-02-28 11:23:00,2022-02-23 13:46:00,7,89.28571428571429,13.1,91.7,7,3,4,214,1,0,public area,0
1930,2022-02-23 22:25:00,2021-10-18 13:32:00,36,86.77777777777777,15.453333333333331,556.3199999999999,8,3,128,219,1,1,public area,0
1931,2022-02-21 14:14:00,2022-02-16 14:38:00,2,220.0,25.299999999999997,50.599999999999994,1,1,4,221,1,0,company,1
1932,2022-02-22 10:38:00,2022-02-22 10:38:00,1,40.0,21.92,21.92,1,1,0,220,1,1,public institution,0
1933,2022-02-12 20:53:00,2022-02-12 20:53:00,1,203.0,21.29,21.29,1,1,0,230,1,0,hotel,1
1934,2022-02-07 08:56:00,2021-10-11 15:39:00,15,31.333333333333332,15.483333333333333,232.25,9,3,118,235,1,1,public area,0
1935,2022-02-03 15:44:00,2022-02-03 15:44:00,1,42.0,4.54,4.54,1,1,0,239,1,0,company,1
1936,2022-02-25 18:50:00,2022-02-25 18:50:00,1,35.0,2.14,2.14,1,1,0,217,1,0,public area,1
1937,2022-02-24 15:51:00,2022-02-24 15:51:00,1,29.0,12.17,12.17,1,1,0,218,1,1,public institution,0
1938,2022-02-26 20:02:00,2022-02-26 18:47:00,2,40.5,24.965,49.93,2,1,0,216,1,1,public institution,0
1939,2022-02-04 14:25:00,2022-02-02 06:22:00,4,36.25,12.434999999999999,49.739999999999995,3,3,2,238,1,1,public parking lot,0
1940,2022-02-18 14:10:00,2022-02-18 14:10:00,1,173.0,19.06,19.06,1,1,0,224,1,0,hotel,1
1941,2022-02-17 09:01:00,2022-02-17 08:57:00,3,8.0,2.313333333333333,6.9399999999999995,2,1,0,225,1,1,public parking lot,0
1942,2022-02-08 14:21:00,2022-02-07 16:55:00,3,43.0,22.276666666666667,66.83,2,1,0,234,1,1,public parking lot,0
1943,2022-02-12 19:32:00,2022-02-11 17:39:00,3,402.3333333333333,16.116666666666667,48.35,3,3,1,230,1,0,apartment,0
1944,2022-02-23 16:41:00,2022-02-17 17:01:00,10,20.6,9.795,97.95,8,4,5,219,1,1,public parking lot,0
1945,2022-02-20 14:06:00,2022-02-20 14:06:00,1,118.0,14.06,14.06,1,1,0,222,1,0,public area,0
1946,2022-02-21 17:28:00,2022-01-13 13:41:00,20,625.35,8.402,168.04,2,2,39,221,1,0,resort,0
1947,2022-02-13 18:36:00,2022-01-15 19:39:00,27,168.74074074074073,25.307407407407407,683.3,11,6,28,229,1,0,resort,0
1948,2022-02-07 11:36:00,2021-12-13 06:53:00,2,41.5,18.275,36.55,2,1,56,235,1,1,public institution,0
1949,2022-02-28 17:05:00,2022-02-26 15:21:00,5,49.4,3.844,19.22,3,3,2,214,1,0,hotel,0
1950,2022-02-26 12:29:00,2022-02-24 17:43:00,2,55.0,3.015,6.03,2,2,1,216,1,0,public institution,0
1951,2022-02-23 13:59:00,2022-02-21 16:53:00,4,54.25,13.8125,55.25,4,3,1,219,1,0,sightseeing,0
1952,2022-02-02 14:21:00,2022-02-02 14:21:00,1,67.0,3.9,3.9,1,1,0,240,1,0,sightseeing,0
1953,2022-02-25 17:36:00,2022-02-25 15:23:00,2,102.0,5.875,11.75,1,1,0,217,1,1,hotel,0
1955,2022-02-24 16:37:00,2021-10-02 16:17:00,47,32.04255319148936,9.16531914893617,430.77,23,5,145,218,1,1,public institution,0
1956,2022-02-22 08:57:00,2022-02-07 09:48:00,14,52.285714285714285,25.900714285714287,362.61,10,4,14,220,1,1,public area,0
1957,2022-02-22 17:34:00,2022-02-19 22:39:00,6,144.83333333333334,18.30666666666667,109.84,5,3,2,220,1,0,public area,0
1958,2022-02-23 11:43:00,2022-02-22 13:09:00,2,34.0,14.24,28.48,2,1,0,219,1,1,public parking lot,0
1959,2022-02-11 14:53:00,2022-02-05 22:01:00,5,25.2,16.05,80.25,5,3,5,231,1,1,public area,0
1961,2022-02-09 10:23:00,2022-02-09 10:23:00,1,63.0,7.27,7.27,1,1,0,233,1,0,sightseeing,0
1962,2022-02-24 19:54:00,2022-02-19 21:00:00,3,230.0,25.266666666666666,75.8,1,1,4,218,1,0,public area,1
1963,2022-02-28 14:06:00,2022-02-28 14:06:00,1,37.0,30.84,30.84,1,1,0,214,1,1,hotel,0
1964,2022-02-13 14:02:00,2022-02-11 10:23:00,5,31.8,12.45,62.25,5,3,2,229,1,1,sightseeing,0
1965,2022-02-18 13:00:00,2021-10-25 10:11:00,17,50.76470588235294,21.611176470588234,367.39,7,3,116,224,1,1,public parking lot,0
1966,2022-02-26 13:24:00,2022-02-21 11:52:00,4,43.75,26.9375,107.75,4,3,5,216,1,1,sightseeing,0
1968,2022-02-17 17:39:00,2022-02-15 16:22:00,2,56.5,21.705000000000002,43.410000000000004,2,2,2,225,1,1,hotel,0
1969,2022-02-12 21:34:00,2022-02-12 21:34:00,1,828.0,30.87,30.87,1,1,0,230,1,0,hotel,0
1970,2022-02-23 15:23:00,2022-02-23 15:23:00,1,1.0,0.28,0.28,1,1,0,219,1,1,public parking lot,0
1971,2022-02-13 12:24:00,2022-01-27 08:13:00,3,55.0,20.56,61.68,3,3,17,229,1,1,public parking lot,0
1972,2022-02-03 20:22:00,2022-02-03 20:22:00,1,40.0,27.77,27.77,1,1,0,239,1,1,public area,0
1973,2022-02-27 15:25:00,2022-02-27 15:25:00,1,40.0,10.36,10.36,1,1,0,215,1,1,public parking lot,0
1974,2022-02-14 13:32:00,2021-10-01 12:06:00,4,47.0,22.0075,88.03,3,3,136,228,1,1,sightseeing,0
1975,2022-02-18 16:41:00,2022-02-18 16:41:00,1,205.0,22.3,22.3,1,1,0,224,1,0,resort,1
1976,2022-02-17 11:30:00,2021-10-14 13:04:00,56,44.964285714285715,13.727500000000001,768.74,13,4,125,225,1,1,public parking lot,0
1977,2022-02-26 16:36:00,2021-11-15 13:03:00,26,403.8076923076923,26.456923076923076,687.88,8,5,103,216,1,0,apartment,0
1978,2022-02-04 18:53:00,2022-02-04 18:53:00,1,148.0,16.91,16.91,1,1,0,238,1,0,hotel,1
1979,2022-02-03 19:30:00,2021-11-16 14:50:00,4,67.25,4.085,16.34,4,3,79,239,1,0,public area,0
1980,2022-02-02 18:04:00,2022-01-29 14:00:00,4,331.0,18.689999999999998,74.75999999999999,3,2,4,240,1,0,resort,0
1981,2022-02-26 15:59:00,2022-02-24 21:53:00,2,166.0,16.085,32.17,2,1,1,216,1,0,hotel,0
1982,2022-01-31 15:35:00,2022-01-12 14:24:00,12,91.41666666666667,5.280833333333334,63.370000000000005,11,5,19,242,1,0,sightseeing,0
1983,2022-01-31 14:52:00,2022-01-31 14:52:00,1,31.0,14.28,14.28,1,1,0,242,1,1,public institution,0
1984,2022-02-16 13:27:00,2022-02-16 13:27:00,1,0.0,0.01,0.01,1,1,0,226,1,1,restaurant,0
1985,2022-02-19 20:21:00,2022-02-19 20:21:00,1,697.0,73.0,73.0,1,1,0,223,1,0,hotel,1
1986,2022-02-21 10:39:00,2021-10-01 05:48:00,17,292.94117647058823,34.572941176470586,587.74,3,2,143,221,1,0,resort,0
1987,2022-02-16 16:37:00,2022-02-16 16:37:00,1,284.0,31.0,31.0,1,1,0,226,1,0,hotel,1
1989,2022-02-12 17:41:00,2021-10-05 18:05:00,2,146.0,15.915,31.83,2,1,129,230,1,0,company,1
1990,2022-02-19 13:28:00,2022-02-19 13:28:00,1,66.0,3.8,3.8,1,1,0,223,1,0,market,1
1991,2022-02-19 13:20:00,2022-02-17 12:22:00,3,38.0,23.900000000000002,71.7,3,3,2,223,1,1,market,0
1992,2022-02-02 17:00:00,2022-02-02 17:00:00,1,313.0,36.6,36.6,1,1,0,240,1,0,resort,0
1993,2022-02-12 10:29:00,2022-02-12 10:29:00,1,145.0,4.05,4.05,1,1,0,230,1,0,resort,0
1994,2022-02-07 18:27:00,2021-10-27 23:11:00,2,40.0,18.08,36.16,2,1,102,235,1,1,apartment,0
1995,2022-02-06 16:57:00,2022-02-03 17:50:00,9,23.555555555555557,13.726666666666667,123.54,6,3,2,236,1,1,public parking lot,0
1996,2022-01-31 22:06:00,2021-12-05 22:08:00,4,174.25,19.700000000000003,78.80000000000001,2,1,56,242,1,0,public area,1
1997,2022-02-15 19:12:00,2021-10-04 11:52:00,6,35.166666666666664,19.561666666666667,117.37,4,4,134,227,1,1,market,0
1998,2022-01-12 09:27:00,2021-10-09 15:02:00,13,38.69230769230769,11.315384615384614,147.1,3,2,94,261,1,1,sightseeing,0
1999,2022-02-12 11:16:00,2021-10-16 10:57:00,34,277.7352941176471,10.581176470588234,359.76,4,3,119,230,1,0,company,0
2001,2022-02-20 14:48:00,2022-02-20 14:48:00,1,47.0,2.8,2.8,1,1,0,222,1,0,company,1
2002,2022-02-18 17:57:00,2022-02-15 21:03:00,3,111.33333333333333,13.299999999999999,39.9,2,1,2,224,1,0,company,1
2003,2022-02-11 15:01:00,2021-11-19 14:55:00,3,43.333333333333336,5.046666666666667,15.14,2,1,84,231,1,0,public area,0
2004,2022-02-19 18:57:00,2022-02-19 16:07:00,2,34.5,11.614999999999998,23.229999999999997,2,2,0,223,1,1,public area,0
2005,2022-02-09 11:55:00,2022-02-09 11:55:00,1,79.0,8.74,8.74,1,1,0,233,1,0,public area,1
2006,2022-02-19 13:13:00,2022-02-19 13:13:00,1,24.0,17.59,17.59,1,1,0,223,1,1,market,0
2007,2022-02-07 12:08:00,2022-02-06 16:50:00,2,72.0,26.445,52.89,2,2,0,235,1,0,hotel,0
2008,2022-02-02 17:48:00,2022-01-06 10:46:00,6,82.83333333333333,3.171666666666667,19.03,5,4,27,240,1,0,market,0
2010,2022-02-19 18:33:00,2022-02-17 19:19:00,2,1005.5,61.695,123.39,1,1,1,223,1,0,hotel,0
2011,2022-02-15 21:50:00,2022-02-03 22:34:00,6,176.33333333333334,10.351666666666667,62.11,2,2,11,227,1,0,hotel,0
2012,2022-02-28 19:01:00,2022-02-28 16:26:00,2,25.5,16.775000000000002,33.550000000000004,2,2,0,214,1,1,public area,0
2013,2022-02-27 19:01:00,2022-02-17 23:49:00,2,156.0,17.695,35.39,2,2,9,215,1,0,golf,1
2014,2022-02-12 14:38:00,2022-02-12 14:38:00,1,58.0,4.13,4.13,1,1,0,230,1,1,sightseeing,0
2015,2022-02-03 09:58:00,2022-02-03 09:58:00,1,22.0,15.51,15.51,1,1,0,239,1,1,public parking lot,0
2016,2022-02-25 15:14:00,2022-02-25 15:14:00,1,69.0,4.0,4.0,1,1,0,217,1,0,resort,0
2018,2022-02-21 10:15:00,2022-02-21 10:15:00,1,95.0,28.41,28.41,1,1,0,221,1,1,resort,0
2019,2022-02-19 16:05:00,2022-02-01 18:59:00,4,16.0,7.895,31.58,4,3,17,223,1,1,public institution,0
2020,2022-02-05 11:18:00,2022-01-17 08:22:00,13,183.07692307692307,22.48923076923077,292.36,3,1,19,237,1,0,apartment,1
2021,2022-02-08 00:50:00,2022-01-28 02:43:00,8,411.625,45.625,365.0,4,1,10,234,1,0,apartment,1
2022,2022-02-01 17:46:00,2022-01-31 17:26:00,2,217.0,23.904999999999998,47.809999999999995,2,1,1,241,1,0,resort,1
2024,2022-02-01 21:34:00,2022-02-01 21:34:00,1,358.0,36.43,36.43,1,1,0,241,1,0,hotel,1
2025,2022-02-02 12:16:00,2022-02-01 19:10:00,4,28.25,5.8825,23.53,1,1,0,240,1,0,resort,1
2026,2022-02-02 11:32:00,2022-02-02 11:32:00,1,79.0,8.7,8.7,1,1,0,240,1,0,hotel,1
2028,2022-02-04 20:50:00,2022-02-03 09:11:00,5,64.4,6.7459999999999996,33.73,3,1,1,238,1,0,resort,1
2029,2022-02-04 18:39:00,2022-02-04 18:39:00,1,300.0,31.4,31.4,1,1,0,238,1,0,resort,1
2030,2022-02-03 17:11:00,2022-02-03 16:07:00,2,113.0,13.565,27.13,2,1,0,239,1,0,hotel,1
2031,2022-02-05 01:06:00,2022-02-04 17:25:00,2,48.5,4.949999999999999,9.899999999999999,1,1,0,237,1,0,hotel,1
2032,2022-02-04 22:47:00,2022-02-04 19:12:00,2,150.0,16.4,32.8,1,1,0,237,1,0,hotel,1
2033,2022-02-05 20:55:00,2022-02-05 19:13:00,2,15.0,10.514999999999999,21.029999999999998,1,1,0,237,1,0,hotel,1
2034,2022-02-06 06:46:00,2022-02-05 20:44:00,4,70.5,7.205,28.82,1,1,0,236,1,0,resort,1
2035,2022-02-06 07:43:00,2022-02-06 07:43:00,1,40.0,4.7,4.7,1,1,0,236,1,0,apartment,1
2036,2022-02-06 16:26:00,2022-02-06 16:26:00,1,92.0,10.39,10.39,1,1,0,236,1,0,hotel,1
2037,2022-02-07 18:52:00,2022-02-06 19:15:00,4,56.75,6.0975,24.39,2,1,0,235,1,0,resort,1
2038,2022-02-08 17:10:00,2022-02-06 17:48:00,3,135.33333333333334,12.219999999999999,36.66,1,1,1,234,1,0,hotel,1
2039,2022-02-07 21:25:00,2022-02-07 21:25:00,1,0.0,44.02,44.02,1,1,0,235,1,0,resort,1
2040,2022-02-11 23:55:00,2022-02-11 23:55:00,1,450.0,47.0,47.0,1,1,0,230,1,0,hotel,1
2041,2022-02-09 16:24:00,2022-02-09 16:24:00,1,30.0,3.03,3.03,1,1,0,233,1,0,market,1
2042,2022-02-12 19:50:00,2022-02-10 17:01:00,4,67.5,12.294999999999998,49.17999999999999,2,1,2,230,1,0,hotel,1
2043,2022-02-13 17:18:00,2022-02-13 17:18:00,1,265.0,29.69,29.69,1,1,0,229,1,0,hotel,1
2044,2022-02-13 15:40:00,2022-02-13 15:40:00,1,240.0,24.1,24.1,1,1,0,229,1,0,hotel,1
2045,2022-02-11 18:51:00,2022-02-11 18:42:00,2,178.5,18.85,37.7,1,1,0,231,1,0,hotel,1
2046,2022-02-12 13:47:00,2022-02-12 13:47:00,1,150.0,15.14,15.14,1,1,0,230,1,0,public area,1
2047,2022-02-13 08:35:00,2022-02-12 08:17:00,2,150.5,15.375,30.75,1,1,1,229,1,0,resort,1
2048,2022-02-12 22:58:00,2022-02-12 15:46:00,2,128.0,12.35,24.7,1,1,0,229,1,0,resort,1
2049,2022-02-27 17:24:00,2022-02-27 17:24:00,1,70.0,6.9,6.9,1,1,0,215,1,0,hotel,1
2050,2022-02-15 17:56:00,2022-02-15 17:56:00,1,540.0,61.87,61.87,1,1,0,227,1,0,hotel,1
2051,2022-02-21 21:13:00,2022-02-15 19:46:00,4,143.25,19.16,76.64,4,1,6,221,1,0,resort,1
2052,2022-02-28 14:43:00,2022-02-23 14:40:00,3,151.66666666666666,17.433333333333334,52.3,2,1,5,214,1,0,company,1
2053,2022-02-16 07:35:00,2022-02-16 07:35:00,1,120.0,13.27,13.27,1,1,0,226,1,0,resort,1
2054,2022-02-15 22:58:00,2022-02-15 22:58:00,1,358.0,39.27,39.27,1,1,0,226,1,0,hotel,1
2055,2022-02-18 20:03:00,2022-02-17 19:24:00,5,144.8,15.38,76.9,2,1,1,224,1,0,hotel,1
2056,2022-02-17 17:45:00,2022-02-17 17:45:00,1,0.0,9.64,9.64,1,1,0,225,1,0,hotel,1
2057,2022-02-24 08:20:00,2022-02-18 15:47:00,3,173.33333333333334,19.763333333333332,59.28999999999999,2,1,5,218,1,0,hotel,1
2058,2022-02-19 20:56:00,2022-02-19 17:35:00,2,77.5,8.875,17.75,1,1,0,223,1,0,hotel,1
2059,2022-02-19 19:47:00,2022-02-19 19:47:00,1,240.0,26.93,26.93,1,1,0,223,1,0,resort,1
2060,2022-02-19 19:47:00,2022-02-19 19:47:00,1,398.0,42.31,42.31,1,1,0,223,1,0,hotel,1
2061,2022-02-20 06:54:00,2022-02-19 22:06:00,2,32.5,3.5300000000000002,7.0600000000000005,1,1,0,222,1,0,hotel,1
2062,2022-02-20 18:56:00,2022-02-20 18:56:00,1,241.0,26.73,26.73,1,1,0,222,1,0,resort,1
2063,2022-02-20 19:52:00,2022-02-20 13:17:00,2,280.0,30.8,61.6,1,1,0,222,1,0,hotel,1
2065,2022-02-21 21:22:00,2022-02-21 21:22:00,1,300.0,34.28,34.28,1,1,0,221,1,0,hotel,1
2066,2022-02-22 09:04:00,2022-02-22 09:04:00,1,89.0,10.05,10.05,1,1,0,220,1,0,resort,1
2067,2022-02-23 18:20:00,2022-02-23 18:20:00,1,540.0,60.15,60.15,1,1,0,219,1,0,resort,1
2068,2022-02-23 20:08:00,2022-02-23 20:08:00,1,171.0,19.13,19.13,1,1,0,219,1,0,resort,1
2069,2022-02-27 12:52:00,2022-02-23 20:49:00,5,144.8,16.056,80.28,2,1,3,215,1,0,hotel,1
2070,2022-02-26 06:23:00,2022-02-25 18:33:00,2,217.5,22.69,45.38,1,1,0,216,1,0,resort,1
2071,2022-02-27 20:15:00,2022-02-25 17:18:00,3,210.0,23.290000000000003,69.87,2,2,2,215,1,0,resort,1
2072,2022-02-26 21:52:00,2022-02-26 21:52:00,1,400.0,46.2,46.2,1,1,0,216,1,0,public area,1
2073,2022-02-26 17:48:00,2022-02-26 15:09:00,2,156.5,29.225,58.45,1,1,0,216,1,0,hotel,1
2074,2022-02-28 07:22:00,2022-02-27 07:53:00,4,105.0,11.575,46.3,2,1,0,214,1,0,resort,1
2075,2022-02-27 08:43:00,2022-02-27 08:43:00,1,150.0,17.28,17.28,1,1,0,215,1,0,resort,1
2076,2022-02-28 16:11:00,2022-02-28 15:52:00,2,150.5,17.105,34.21,1,1,0,214,1,0,hotel,1
2078,2022-02-10 11:06:00,2022-02-04 16:21:00,2,33.0,3.66,7.32,2,2,5,232,1,0,market,1
2079,2022-02-03 14:56:00,2022-02-03 14:56:00,1,54.0,3.1,3.1,1,1,0,239,1,0,restaurant,1
2080,2022-02-15 13:42:00,2022-02-15 13:42:00,1,95.0,50.98,50.98,1,1,0,227,1,1,public area,0
2081,2022-02-07 11:25:00,2021-10-25 22:44:00,21,90.47619047619048,30.685714285714283,644.4,11,6,104,235,1,1,public parking lot,0
2082,2022-02-02 11:30:00,2022-02-02 11:30:00,1,238.0,28.01,28.01,1,1,0,240,1,0,sightseeing,0
2083,2022-02-13 23:15:00,2022-02-09 12:41:00,3,303.0,34.9,104.69999999999999,2,2,4,228,1,0,hotel,0
2084,2022-02-06 08:32:00,2022-02-06 08:32:00,1,36.0,11.14,11.14,1,1,0,236,1,1,apartment,0
2085,2022-02-17 18:16:00,2022-01-19 16:06:00,32,514.875,19.49375,623.8,6,2,29,225,1,0,resort,0
2086,2022-02-07 07:51:00,2021-12-30 08:30:00,4,100.5,9.95,39.8,1,1,38,235,1,0,apartment,1
2087,2022-01-06 20:32:00,2022-01-06 20:32:00,1,870.0,20.77,20.77,1,1,0,267,1,0,resort,0
2088,2022-01-05 20:36:00,2022-01-05 20:36:00,1,60.0,6.45,6.45,1,1,0,268,1,0,resort,1
2089,2022-01-07 20:39:00,2022-01-07 20:39:00,1,241.0,25.56,25.56,1,1,0,266,1,0,resort,0
2090,2022-01-28 18:40:00,2022-01-25 17:34:00,6,42.333333333333336,5.484999999999999,32.91,6,4,3,245,1,0,hotel,0
2092,2022-01-28 16:34:00,2022-01-28 13:52:00,2,7.5,4.22,8.44,2,1,0,245,1,1,public parking lot,0
2093,2022-01-17 17:25:00,2022-01-16 20:01:00,3,298.3333333333333,31.150000000000002,93.45,2,1,0,256,1,0,resort,1
2094,2022-01-17 18:43:00,2022-01-17 18:43:00,1,53.0,50.64,50.64,1,1,0,256,1,1,market,0
2097,2022-01-28 16:23:00,2022-01-28 15:42:00,2,35.0,3.565,7.13,1,1,0,245,1,0,market,1
2098,2021-12-31 19:57:00,2021-12-31 19:51:00,2,0.5,25.175,50.35,1,1,0,273,1,0,resort,1
2099,2022-01-02 22:13:00,2022-01-02 21:03:00,2,30.0,23.12,46.24,1,1,0,271,1,0,resort,1
2100,2022-01-18 20:56:00,2022-01-12 12:12:00,3,161.66666666666666,15.983333333333334,47.95,3,2,6,255,1,0,apartment,1
2101,2022-01-28 14:05:00,2021-10-26 14:21:00,3,290.0,33.39333333333334,100.18,1,1,93,245,1,0,public area,1
2102,2022-01-15 18:26:00,2022-01-15 18:26:00,1,147.0,16.8,16.8,1,1,0,258,1,0,hotel,1
2103,2022-01-17 16:53:00,2022-01-05 17:17:00,2,76.0,7.805,15.61,2,1,11,256,1,0,market,1
2104,2022-01-19 13:02:00,2021-11-19 16:33:00,8,41.125,19.04375,152.35,2,1,60,254,1,1,company,0
2105,2022-01-08 14:14:00,2021-10-19 10:29:00,2,42.5,18.585,37.17,2,2,81,265,1,1,public area,0
2106,2022-01-11 12:59:00,2022-01-11 12:59:00,1,38.0,4.6,4.6,1,1,0,262,1,0,public institution,0
2107,2022-01-06 15:49:00,2022-01-06 15:49:00,1,40.0,18.4,18.4,1,1,0,267,1,1,public institution,0
2108,2022-01-20 19:38:00,2022-01-20 17:26:00,2,35.5,3.87,7.74,2,1,0,253,1,0,resort,1
2110,2022-01-20 14:44:00,2022-01-20 14:44:00,1,101.0,11.1,11.1,1,1,0,253,1,0,public area,0
2111,2022-01-18 12:53:00,2022-01-18 12:53:00,1,16.0,11.0,11.0,1,1,0,255,1,1,public institution,0
2112,2022-01-30 22:58:00,2021-12-30 14:16:00,18,149.22222222222223,8.483333333333333,152.7,3,3,31,242,1,0,public area,1
2114,2022-01-03 18:30:00,2021-11-19 11:19:00,2,49.5,36.835,73.67,2,2,45,270,1,1,market,0
2115,2022-01-05 11:37:00,2022-01-05 11:37:00,1,43.0,14.93,14.93,1,1,0,268,1,1,public area,0
2116,2022-01-10 11:28:00,2022-01-08 16:58:00,4,29.0,7.9075,31.63,2,1,1,263,1,0,hotel,1
2117,2022-01-03 14:02:00,2021-11-15 13:46:00,2,34.5,3.4799999999999995,6.959999999999999,1,1,49,270,1,0,market,1
2118,2022-01-19 12:46:00,2022-01-19 12:46:00,1,43.0,2.66,2.66,1,1,0,254,1,1,public parking lot,0
2119,2022-01-26 09:37:00,2022-01-22 13:30:00,4,27.75,23.6075,94.43,4,3,3,247,1,1,public area,0
2120,2022-01-07 13:55:00,2022-01-07 13:55:00,1,61.0,6.96,6.96,1,1,0,266,1,0,resort,1
2121,2022-01-17 17:53:00,2022-01-10 18:54:00,3,28.0,2.6033333333333335,7.8100000000000005,2,1,6,256,1,0,resort,0
2122,2022-01-14 18:56:00,2022-01-14 18:56:00,1,38.0,38.19,38.19,1,1,0,259,1,1,public area,0
2123,2022-01-26 20:30:00,2022-01-26 20:30:00,1,300.0,33.58,33.58,1,1,0,247,1,0,resort,1
2124,2022-01-14 14:09:00,2022-01-07 11:01:00,7,34.0,16.009999999999998,112.07,6,3,7,259,1,1,public area,0
2125,2022-01-11 17:35:00,2021-11-19 17:46:00,10,185.2,19.485,194.85,3,3,52,262,1,0,hotel,1
2126,2022-01-16 20:32:00,2021-10-09 17:58:00,10,312.4,37.184000000000005,371.84000000000003,6,1,99,257,1,0,apartment,1
2127,2022-01-23 11:46:00,2022-01-22 11:02:00,3,30.0,19.889999999999997,59.669999999999995,2,2,1,250,1,1,public area,0
2128,2022-01-30 14:40:00,2022-01-04 21:07:00,2,217.0,11.14,22.28,1,1,25,243,1,0,apartment,0
2129,2022-01-18 10:11:00,2022-01-18 10:06:00,2,6.5,0.75,1.5,1,1,0,255,1,0,public area,1
2130,2022-01-14 19:55:00,2022-01-14 18:54:00,2,285.0,31.54,63.08,1,1,0,259,1,0,camping,1
2131,2021-12-31 19:22:00,2021-12-31 19:22:00,1,341.0,36.96,36.96,1,1,0,273,1,0,resort,1
2132,2022-01-24 16:26:00,2021-10-01 05:56:00,107,153.83177570093457,14.044953271028037,1502.81,3,2,115,249,1,0,public area,1
2133,2022-01-17 14:58:00,2021-11-23 13:40:00,2,71.0,12.105,24.21,2,2,55,256,1,0,public area,0
2134,2022-01-21 17:56:00,2022-01-14 15:06:00,2,78.0,3.2,6.4,1,1,7,252,1,0,company,1
2135,2022-01-22 10:56:00,2022-01-22 10:56:00,1,35.0,2.2,2.2,1,1,0,251,1,0,public institution,0
2137,2022-01-18 14:12:00,2022-01-17 05:41:00,2,40.5,14.925,29.85,2,2,1,255,1,1,public area,0
2138,2022-01-04 18:30:00,2022-01-02 20:23:00,3,185.0,18.813333333333333,56.44,2,1,1,269,1,0,resort,1
2139,2022-01-07 14:04:00,2022-01-06 09:28:00,2,94.0,9.870000000000001,19.740000000000002,2,2,1,266,1,0,company,1
2140,2022-01-03 19:20:00,2022-01-03 17:08:00,2,60.0,25.95,51.9,1,1,0,270,1,0,hotel,1
2141,2022-01-01 16:56:00,2022-01-01 16:56:00,1,25.0,10.58,10.58,1,1,0,272,1,1,market,0
2142,2022-01-30 15:07:00,2022-01-28 18:32:00,5,153.4,19.392000000000003,96.96000000000001,3,2,1,243,1,0,resort,1
2143,2022-01-18 21:09:00,2022-01-18 15:56:00,2,170.5,19.349999999999998,38.699999999999996,2,1,0,255,1,0,resort,1
2144,2022-01-24 07:45:00,2022-01-20 20:45:00,4,135.75,15.0525,60.21,3,3,3,249,1,0,company,1
2145,2022-01-17 22:49:00,2021-12-14 18:57:00,19,182.21052631578948,20.993684210526315,398.88,2,1,34,255,1,0,restaurant,1
2146,2022-01-15 17:05:00,2022-01-15 17:05:00,1,60.0,6.79,6.79,1,1,0,258,1,0,hotel,1
2147,2022-01-08 08:12:00,2022-01-07 16:02:00,2,53.5,6.135,12.27,1,1,0,265,1,0,hotel,1
2148,2022-01-20 14:44:00,2022-01-20 14:44:00,1,38.0,4.43,4.43,1,1,0,253,1,0,public area,1
2149,2022-01-23 18:39:00,2022-01-23 18:39:00,1,292.0,33.25,33.25,1,1,0,250,1,0,resort,1
2150,2022-01-04 18:16:00,2022-01-04 18:16:00,1,63.0,3.62,3.62,1,1,0,269,1,0,market,1
2152,2022-01-18 17:35:00,2022-01-11 17:31:00,2,87.5,6.0,12.0,1,1,7,255,1,0,public institution,0
2153,2022-01-09 23:01:00,2021-10-02 15:41:00,14,109.07142857142857,13.135,183.89,3,1,99,263,1,0,apartment,1
2154,2022-01-19 17:15:00,2022-01-03 14:01:00,6,109.16666666666667,6.245,37.47,4,2,16,254,1,0,market,0
2155,2022-01-27 09:54:00,2022-01-27 09:54:00,1,4.0,0.5,0.5,1,1,0,246,1,0,public institution,0
2156,2022-01-09 08:35:00,2022-01-08 21:16:00,2,41.0,4.67,9.34,2,1,0,264,1,1,hotel,0
2157,2022-01-23 14:50:00,2022-01-23 14:50:00,1,28.0,3.06,3.06,1,1,0,250,1,0,public area,1
2158,2022-01-24 20:28:00,2022-01-24 20:28:00,1,300.0,33.79,33.79,1,1,0,249,1,0,hotel,1
2159,2022-01-26 15:12:00,2022-01-26 15:12:00,1,51.0,5.95,5.95,1,1,0,247,1,0,restaurant,0
2161,2021-12-31 18:04:00,2021-12-29 15:29:00,3,799.3333333333334,22.136666666666667,66.41,1,1,2,273,1,0,hotel,0
2162,2022-01-14 23:01:00,2022-01-14 22:39:00,2,291.5,29.5,59.0,1,1,0,258,1,0,hotel,1
2163,2022-01-17 17:08:00,2022-01-17 17:08:00,1,96.0,11.21,11.21,1,1,0,256,1,0,company,0
2164,2022-01-02 22:29:00,2022-01-02 20:25:00,2,180.0,19.169999999999998,38.339999999999996,1,1,0,271,1,0,resort,1
2165,2022-01-20 21:23:00,2022-01-20 17:47:00,3,120.33333333333333,13.46,40.38,1,1,0,253,1,0,hotel,1
2166,2022-01-03 11:35:00,2022-01-03 11:35:00,1,93.0,10.96,10.96,1,1,0,270,1,0,resort,0
2167,2022-01-03 16:46:00,2022-01-03 09:54:00,2,76.5,8.73,17.46,2,1,0,270,1,0,public area,0
2168,2022-01-06 09:09:00,2021-12-14 15:18:00,4,50.25,8.5825,34.33,3,2,22,267,1,0,company,0
2169,2022-01-07 22:46:00,2022-01-07 22:46:00,1,344.0,33.63,33.63,1,1,0,265,1,1,apartment,0
2170,2022-01-17 11:54:00,2021-10-03 07:42:00,3,76.0,8.866666666666667,26.6,2,1,106,256,1,0,apartment,1
2171,2022-01-01 17:21:00,2021-12-31 16:01:00,5,36.4,7.1,35.5,5,5,1,272,1,1,hotel,0
2172,2022-01-20 21:25:00,2022-01-20 21:25:00,1,143.0,8.28,8.28,1,1,0,253,1,0,public area,1
2173,2022-01-09 12:00:00,2021-12-12 12:08:00,19,252.94736842105263,9.814736842105262,186.48,1,1,27,264,1,0,apartment,0
2175,2022-01-06 14:53:00,2022-01-06 14:53:00,1,40.0,39.42,39.42,1,1,0,267,1,1,public institution,0
2176,2022-01-12 21:37:00,2022-01-12 21:37:00,1,0.0,43.25,43.25,1,1,0,261,1,0,hotel,1
2177,2022-01-29 22:02:00,2022-01-29 22:02:00,1,25.0,10.83,10.83,1,1,0,244,1,1,market,0
2179,2022-01-05 15:09:00,2021-12-28 20:33:00,4,67.5,7.5275,30.11,4,4,7,268,1,0,company,0
2180,2022-01-18 17:50:00,2022-01-16 20:11:00,3,631.0,28.30666666666667,84.92,2,1,1,255,1,0,hotel,0
2181,2022-01-26 13:56:00,2022-01-16 14:19:00,4,35.75,10.6025,42.41,4,3,9,247,1,0,public area,0
2182,2022-01-14 13:20:00,2022-01-14 13:20:00,1,40.0,19.43,19.43,1,1,0,259,1,1,public institution,0
2183,2022-01-25 09:05:00,2022-01-25 09:05:00,1,41.0,21.46,21.46,1,1,0,248,1,1,public area,0
2185,2022-01-26 13:51:00,2022-01-26 13:36:00,2,5.5,0.65,1.3,1,1,0,247,1,0,hotel,1
2186,2022-01-17 19:31:00,2021-11-30 16:32:00,13,173.07692307692307,20.682307692307692,268.87,2,1,48,256,1,0,apartment,1
2187,2022-01-28 20:10:00,2022-01-28 19:16:00,2,45.0,5.125,10.25,1,1,0,245,1,0,hotel,1
2188,2022-01-17 16:53:00,2022-01-17 16:53:00,1,258.0,25.63,25.63,1,1,0,256,1,0,resort,1
2189,2022-01-08 18:53:00,2022-01-08 18:53:00,1,465.0,49.36,49.36,1,1,0,265,1,0,hotel,0
2190,2022-01-21 10:20:00,2022-01-21 10:20:00,1,60.0,6.72,6.72,1,1,0,252,1,0,resort,1
2191,2022-01-25 21:38:00,2022-01-25 21:38:00,1,540.0,63.76,63.76,1,1,0,248,1,0,hotel,1
2192,2021-12-30 19:04:00,2021-12-30 19:04:00,1,14.0,2.72,2.72,1,1,0,274,1,1,market,0
2193,2022-01-24 16:04:00,2022-01-18 11:49:00,7,102.14285714285714,11.757142857142856,82.3,6,4,6,249,1,0,resort,0
2195,2022-01-05 19:16:00,2022-01-05 19:16:00,1,234.0,26.59,26.59,1,1,0,268,1,0,hotel,1
2196,2022-01-09 16:08:00,2022-01-04 18:00:00,3,199.33333333333334,10.763333333333334,32.29,2,1,4,264,1,0,resort,1
2197,2022-01-20 17:32:00,2022-01-20 17:32:00,1,26.0,13.07,13.07,1,1,0,253,1,1,public parking lot,0
2198,2022-01-27 13:05:00,2022-01-23 10:50:00,4,80.0,4.6875,18.75,4,2,4,246,1,0,apartment,1
2199,2022-01-20 15:51:00,2022-01-20 15:51:00,1,83.0,9.7,9.7,1,1,0,253,1,0,company,1
2201,2022-01-28 11:55:00,2022-01-25 11:22:00,5,41.8,22.386,111.92999999999999,5,4,3,245,1,1,market,0
2202,2022-01-14 11:58:00,2022-01-14 11:58:00,1,110.0,67.73,67.73,1,1,0,259,1,1,resort,0
2203,2022-01-07 19:34:00,2022-01-07 19:34:00,1,30.0,3.39,3.39,1,1,0,266,1,0,hotel,1
2204,2022-01-06 20:45:00,2022-01-05 15:11:00,2,88.5,24.155,48.31,2,2,1,267,1,1,market,0
2205,2022-01-11 14:16:00,2022-01-11 14:16:00,1,34.0,3.73,3.73,1,1,0,262,1,0,company,0
2206,2022-01-08 21:53:00,2022-01-08 21:53:00,1,30.0,3.37,3.37,1,1,0,265,1,0,hotel,1
2207,2022-01-27 15:07:00,2021-10-23 14:57:00,12,35.75,14.707500000000001,176.49,11,5,96,246,1,1,public parking lot,0
2208,2022-01-22 13:23:00,2022-01-21 20:53:00,2,90.0,9.8,19.6,2,2,0,251,1,0,public area,0
2209,2022-01-20 23:03:00,2021-11-21 09:28:00,2,310.5,33.989999999999995,67.97999999999999,1,1,60,252,1,0,public area,1
2210,2022-01-30 09:05:00,2022-01-27 22:39:00,5,131.4,11.786,58.93,1,1,2,243,1,0,resort,1
2211,2022-01-26 21:47:00,2022-01-26 21:47:00,1,382.0,40.28,40.28,1,1,0,247,1,0,hotel,1
2212,2022-01-14 22:26:00,2022-01-14 19:04:00,2,188.0,21.335,42.67,1,1,0,259,1,0,hotel,1
2213,2022-01-11 15:45:00,2022-01-11 15:45:00,1,130.0,15.41,15.41,1,1,0,262,1,0,hotel,1
2214,2022-01-25 18:35:00,2022-01-23 15:51:00,4,237.0,5.7575,23.03,3,2,2,248,1,0,resort,1
2215,2021-12-31 23:23:00,2021-12-31 19:41:00,2,309.0,31.835,63.67,1,1,0,272,1,0,resort,1
2216,2022-01-06 21:38:00,2022-01-04 16:31:00,4,172.5,19.785,79.14,2,1,2,267,1,0,hotel,1
2217,2022-01-25 19:19:00,2022-01-24 11:56:00,14,55.5,6.203571428571428,86.85,9,5,1,248,1,1,hotel,0
2218,2022-01-31 21:25:00,2022-01-01 00:48:00,11,28.727272727272727,20.28,223.08,4,1,30,242,1,1,public institution,0
2219,2022-01-29 13:37:00,2021-11-03 13:40:00,4,49.25,23.83,95.32,4,4,86,244,1,1,market,0
2220,2022-01-18 16:23:00,2022-01-18 10:27:00,2,72.5,32.129999999999995,64.25999999999999,2,2,0,255,1,1,public area,0
2221,2022-01-30 23:30:00,2022-01-30 23:30:00,1,0.0,29.93,29.93,1,1,0,242,1,0,hotel,1
2222,2022-01-01 17:55:00,2022-01-01 17:55:00,1,304.0,34.2,34.2,1,1,0,272,1,0,hotel,0
2223,2022-01-13 12:22:00,2022-01-13 12:22:00,1,18.0,2.05,2.05,1,1,0,260,1,0,hotel,1
2224,2022-01-06 17:02:00,2022-01-06 17:02:00,1,84.0,9.58,9.58,1,1,0,267,1,0,hotel,1
2225,2022-01-14 13:30:00,2021-10-01 16:32:00,18,195.33333333333334,22.016666666666666,396.3,5,1,104,259,1,0,apartment,1
2226,2022-01-19 19:11:00,2022-01-16 23:17:00,3,163.33333333333334,18.933333333333334,56.800000000000004,3,2,2,254,1,0,company,1
2227,2022-01-28 06:19:00,2021-10-02 06:17:00,15,418.93333333333334,10.558,158.37,3,1,118,245,1,0,hotel,0
2228,2022-01-09 23:17:00,2022-01-02 00:56:00,3,251.0,26.296666666666667,78.89,2,1,7,263,1,0,public area,1
2229,2022-01-27 23:27:00,2022-01-14 14:44:00,2,64.5,27.275,54.55,2,2,13,245,1,1,public parking lot,0
2230,2022-01-21 21:13:00,2022-01-20 20:55:00,2,830.0,35.685,71.37,2,1,1,252,1,0,resort,0
2231,2022-01-08 20:13:00,2022-01-08 20:13:00,1,129.0,12.98,12.98,1,1,0,265,1,0,resort,1
2232,2022-01-13 13:50:00,2022-01-13 13:50:00,1,60.0,6.73,6.73,1,1,0,260,1,0,resort,1
2233,2022-01-20 12:53:00,2022-01-20 12:53:00,1,53.0,6.2,6.2,1,1,0,253,1,0,public area,1
2234,2022-01-14 22:51:00,2022-01-12 10:11:00,2,303.5,33.44,66.88,2,1,2,258,1,0,public area,1
2235,2022-01-13 11:01:00,2022-01-03 20:50:00,7,28.428571428571427,16.954285714285714,118.68,6,5,9,260,1,1,market,0
2236,2022-01-11 17:50:00,2022-01-11 17:50:00,1,0.0,4.11,4.11,1,1,0,262,1,0,hotel,1
2237,2022-01-25 10:38:00,2021-12-24 09:41:00,3,250.0,29.423333333333332,88.27,1,1,32,248,1,0,company,1
2238,2021-12-07 18:51:00,2021-12-07 18:51:00,1,550.0,60.42,60.42,1,1,0,297,1,0,resort,1
2239,2021-12-21 22:09:00,2021-12-21 06:23:00,3,25.666666666666668,17.626666666666665,52.879999999999995,2,1,0,283,1,0,resort,1
2240,2021-12-16 12:12:00,2021-12-16 12:12:00,1,54.0,32.22,32.22,1,1,0,288,1,1,sightseeing,0
2241,2021-12-11 19:26:00,2021-10-16 11:15:00,15,23.6,10.137333333333334,152.06,8,3,56,293,1,1,public institution,0
2242,2021-12-25 21:51:00,2021-12-25 21:10:00,2,36.5,27.535,55.07,1,1,0,279,1,1,public institution,0
2243,2021-12-25 14:31:00,2021-12-25 14:31:00,1,25.0,10.22,10.22,1,1,0,279,1,1,company,0
2244,2021-12-29 10:05:00,2021-10-06 09:10:00,23,105.17391304347827,12.726086956521739,292.7,4,1,84,275,1,0,company,1
2245,2021-12-25 21:46:00,2021-12-24 22:41:00,2,332.5,35.75,71.5,2,1,0,279,1,0,resort,1
2246,2021-12-12 22:16:00,2021-12-12 22:16:00,1,388.0,46.37,46.37,1,1,0,292,1,0,public area,1
2247,2021-12-29 08:41:00,2021-12-27 15:17:00,2,133.5,14.925,29.85,1,1,1,275,1,0,resort,1
2248,2021-12-10 20:29:00,2021-12-09 12:29:00,4,56.5,6.4975,25.99,2,1,1,294,1,0,hotel,1
2249,2021-12-29 09:24:00,2021-12-28 21:32:00,2,143.5,16.65,33.3,1,1,0,275,1,0,public area,1
2250,2021-12-12 12:33:00,2021-12-10 09:33:00,4,82.75,9.2475,36.99,2,1,2,292,1,0,resort,1
2251,2021-12-08 18:52:00,2021-12-07 19:22:00,2,189.5,23.065,46.13,1,1,0,296,1,0,hotel,1
2252,2021-12-03 00:50:00,2021-12-03 00:50:00,1,437.0,47.76,47.76,1,1,0,301,1,0,hotel,1
2253,2021-12-19 18:54:00,2021-12-18 20:08:00,2,210.0,22.755000000000003,45.510000000000005,2,1,0,285,1,0,resort,1
2254,2021-12-22 10:35:00,2021-12-21 23:25:00,2,134.5,14.41,28.82,1,1,0,282,1,0,resort,1
2255,2021-12-24 15:35:00,2021-12-24 15:35:00,1,0.0,2.73,2.73,1,1,0,280,1,0,resort,1
2256,2021-12-27 23:30:00,2021-12-27 19:25:00,2,221.5,24.585,49.17,1,1,0,276,1,0,resort,1
2257,2021-12-06 16:16:00,2021-10-19 11:55:00,6,19.666666666666668,7.6883333333333335,46.13,4,3,48,298,1,1,market,0
2258,2021-12-12 19:21:00,2021-12-12 19:21:00,1,90.0,9.61,9.61,1,1,0,292,1,0,resort,1
2259,2021-12-04 21:44:00,2021-12-04 21:44:00,1,146.0,15.59,15.59,1,1,0,300,1,0,resort,1
2260,2021-12-08 08:27:00,2021-12-08 08:27:00,1,120.0,12.73,12.73,1,1,0,296,1,0,resort,1
2263,2021-12-05 10:49:00,2021-12-05 10:49:00,1,87.0,9.8,9.8,1,1,0,299,1,0,sightseeing,0
2264,2021-12-05 19:02:00,2021-12-04 15:27:00,2,31.5,11.39,22.78,2,2,1,299,1,0,public institution,0
2265,2021-12-04 22:13:00,2021-12-03 23:56:00,2,181.5,32.795,65.59,2,1,0,300,1,0,resort,1
2266,2021-12-04 00:26:00,2021-10-13 19:06:00,10,226.9,24.574,245.74,1,1,51,300,1,0,public area,1
2267,2021-12-23 16:32:00,2021-12-23 16:32:00,1,83.0,9.4,9.4,1,1,0,281,1,0,company,1
2268,2021-12-21 13:03:00,2021-10-09 13:17:00,8,37.0,7.49375,59.95,7,4,72,283,1,0,company,1
2269,2021-12-09 17:08:00,2021-12-08 20:14:00,2,0.0,30.384999999999998,60.769999999999996,2,1,0,295,1,0,hotel,1
2270,2021-12-30 10:14:00,2021-12-27 16:38:00,3,125.66666666666667,13.533333333333333,40.6,2,1,2,274,1,0,company,1
2271,2021-12-27 15:53:00,2021-12-27 15:53:00,1,23.0,12.69,12.69,1,1,0,277,1,1,market,0
2272,2021-12-11 14:44:00,2021-12-11 14:44:00,1,30.0,3.42,3.42,1,1,0,293,1,0,hotel,1
2273,2021-12-24 17:14:00,2021-12-23 15:52:00,2,178.0,18.515,37.03,2,1,1,280,1,0,hotel,1
2274,2021-12-16 18:59:00,2021-12-12 04:30:00,3,17.666666666666668,7.566666666666667,22.700000000000003,1,1,4,288,1,1,public area,0
2275,2021-12-12 16:44:00,2021-12-12 16:44:00,1,172.0,18.61,18.61,1,1,0,292,1,0,resort,1
2276,2021-12-22 19:40:00,2021-10-03 17:42:00,45,26.866666666666667,15.499555555555556,697.48,5,1,80,282,1,1,public institution,0
2277,2021-12-08 10:32:00,2021-12-08 10:32:00,1,25.0,13.38,13.38,1,1,0,296,1,1,market,0
2279,2021-12-10 20:12:00,2021-12-10 20:12:00,1,150.0,17.05,17.05,1,1,0,294,1,0,resort,1
2280,2021-12-09 14:09:00,2021-12-09 13:31:00,2,37.0,12.315,24.63,2,1,0,295,1,0,public institution,0
2281,2021-12-24 13:24:00,2021-12-24 13:24:00,1,159.0,18.2,18.2,1,1,0,280,1,0,public area,1
2282,2021-12-02 11:17:00,2021-12-02 11:17:00,1,14.0,9.35,9.35,1,1,0,302,1,1,public institution,0
2283,2021-12-01 18:08:00,2021-12-01 18:08:00,1,157.0,11.57,11.57,1,1,0,303,1,0,hotel,1
2284,2021-12-30 12:24:00,2021-12-02 12:53:00,3,171.33333333333334,4.033333333333333,12.1,2,1,27,274,1,0,apartment,1
2285,2021-12-17 18:45:00,2021-12-05 12:49:00,3,260.6666666666667,18.78,56.34,2,2,12,287,1,0,restaurant,0
2286,2021-12-09 16:44:00,2021-12-09 16:44:00,1,85.0,4.94,4.94,1,1,0,295,1,0,market,1
2288,2021-12-02 16:21:00,2021-11-30 11:13:00,2,35.5,8.905,17.81,2,2,2,302,1,1,public parking lot,0
2289,2021-12-30 02:36:00,2021-12-29 19:17:00,2,125.0,18.61,37.22,1,1,0,274,1,0,resort,1
2290,2021-12-23 20:21:00,2021-12-23 20:21:00,1,199.0,19.2,19.2,1,1,0,281,1,0,hotel,1
2291,2021-12-24 20:12:00,2021-10-29 11:54:00,15,174.93333333333334,10.469333333333333,157.04,4,3,56,280,1,0,public area,1
2292,2021-12-21 18:09:00,2021-11-06 23:43:00,12,320.25,33.8225,405.87,2,1,44,283,1,0,public area,1
2293,2021-12-13 20:54:00,2021-12-13 20:54:00,1,280.0,30.46,30.46,1,1,0,291,1,0,company,1
2294,2021-12-19 17:27:00,2021-10-01 11:32:00,26,40.0,18.259999999999998,474.76,4,3,79,285,1,1,public institution,0
2295,2021-12-16 16:13:00,2021-12-16 16:13:00,1,108.0,12.48,12.48,1,1,0,288,1,0,public area,1
2296,2021-12-27 08:42:00,2021-10-05 17:52:00,4,160.5,11.765,47.06,1,1,82,277,1,0,public area,1
2297,2021-12-15 17:03:00,2021-12-15 17:03:00,1,286.0,23.51,23.51,1,1,0,289,1,0,apartment,0
2298,2021-12-09 09:14:00,2021-11-09 14:07:00,10,107.8,12.434000000000001,124.34,1,1,29,295,1,0,company,1
2299,2021-12-13 07:59:00,2021-12-12 22:06:00,5,42.8,5.81,29.049999999999997,3,1,0,291,1,0,resort,1
2300,2021-12-11 07:25:00,2021-12-06 17:59:00,2,212.0,21.585,43.17,1,1,4,293,1,0,company,1
2301,2021-12-20 19:41:00,2021-12-20 19:41:00,1,352.0,34.22,34.22,1,1,0,284,1,0,golf,1
2302,2021-12-25 19:34:00,2021-12-25 17:25:00,2,150.0,17.165,34.33,1,1,0,279,1,0,hotel,1
2303,2021-12-07 21:36:00,2021-12-06 19:45:00,2,378.5,42.6,85.2,2,2,1,297,1,0,hotel,0
2304,2021-12-03 20:03:00,2021-12-03 20:03:00,1,0.0,0.01,0.01,1,1,0,301,1,0,hotel,1
2306,2021-12-28 15:47:00,2021-12-26 14:28:00,2,23.0,8.81,17.62,2,2,2,276,1,0,hotel,0
2308,2021-12-30 14:37:00,2021-12-30 14:37:00,1,30.0,3.44,3.44,1,1,0,274,1,0,resort,1
2309,2021-12-06 21:39:00,2021-12-06 21:39:00,1,120.0,13.22,13.22,1,1,0,298,1,0,resort,1
2310,2021-12-26 16:28:00,2021-12-25 13:05:00,3,216.33333333333334,11.4,34.2,1,1,1,278,1,0,hotel,0
2311,2021-12-05 23:45:00,2021-12-05 23:18:00,3,4.0,0.5333333333333333,1.6,1,1,0,298,1,0,resort,1
2312,2021-12-24 19:49:00,2021-12-22 19:52:00,3,160.0,18.05,54.15,1,1,1,280,1,0,resort,1
2313,2021-12-30 11:02:00,2021-12-14 11:25:00,2,206.0,20.785,41.57,2,1,15,274,1,0,market,1
2314,2021-12-25 19:29:00,2021-12-25 19:29:00,1,360.0,38.18,38.18,1,1,0,279,1,0,resort,1
2315,2021-12-05 17:13:00,2021-12-05 17:13:00,1,59.0,3.48,3.48,1,1,0,299,1,0,market,1
2317,2021-12-22 17:43:00,2021-12-22 15:24:00,2,30.0,7.9,15.8,1,1,0,282,1,0,hotel,1
2318,2021-12-03 01:40:00,2021-12-03 01:40:00,1,37.0,16.16,16.16,1,1,0,301,1,1,public parking lot,0
2319,2021-12-09 06:08:00,2021-12-06 17:34:00,4,65.75,12.9975,51.99,2,1,2,295,1,0,resort,1
2320,2021-12-13 13:38:00,2021-12-13 13:38:00,1,53.0,33.92,33.92,1,1,0,291,1,1,restaurant,0
2321,2021-12-01 02:55:00,2021-12-01 02:55:00,1,50.0,5.38,5.38,1,1,0,303,1,0,public area,0
2322,2021-12-11 19:54:00,2021-12-11 19:54:00,1,120.0,11.0,11.0,1,1,0,293,1,1,apartment,0
2323,2021-12-05 19:35:00,2021-12-03 19:40:00,2,469.0,12.215,24.43,2,1,1,299,1,0,resort,0
2324,2021-12-08 21:40:00,2021-12-08 21:40:00,1,318.0,34.87,34.87,1,1,0,296,1,0,resort,1
2325,2021-12-01 09:21:00,2021-12-01 09:21:00,1,41.0,1.62,1.62,1,1,0,303,1,0,public institution,1
2326,2021-12-11 10:31:00,2021-12-11 10:31:00,1,24.0,14.8,14.8,1,1,0,293,1,1,public parking lot,0
2327,2021-12-26 10:01:00,2021-12-25 16:58:00,2,120.0,13.66,27.32,1,1,0,278,1,0,hotel,1
2329,2021-12-29 20:28:00,2021-12-29 20:28:00,1,300.0,30.4,30.4,1,1,0,275,1,0,hotel,1
2330,2021-12-31 12:18:00,2021-11-07 20:55:00,3,85.33333333333333,8.696666666666667,26.09,3,3,53,273,1,0,apartment,0
2333,2021-12-05 23:12:00,2021-12-05 23:12:00,1,171.0,19.42,19.42,1,1,0,298,1,0,public institution,1
2334,2021-12-24 20:48:00,2021-12-23 23:03:00,3,67.0,12.01,36.03,2,1,0,280,1,0,resort,1
2335,2021-12-20 11:45:00,2021-12-20 11:45:00,1,58.0,35.53,35.53,1,1,0,284,1,1,public parking lot,0
2336,2021-12-18 23:18:00,2021-12-18 21:25:00,2,32.5,8.145,16.29,1,1,0,285,1,0,resort,1
2337,2021-12-14 11:29:00,2021-12-14 11:29:00,1,69.0,8.23,8.23,1,1,0,290,1,0,golf,1
2338,2021-12-26 13:40:00,2021-12-26 13:40:00,1,41.0,17.75,17.75,1,1,0,278,1,1,public area,0
2339,2021-12-12 18:34:00,2021-12-12 18:34:00,1,240.0,26.79,26.79,1,1,0,292,1,0,resort,1
2340,2021-12-17 15:45:00,2021-10-06 18:24:00,26,35.23076923076923,10.298461538461538,267.76,11,8,71,287,1,1,sightseeing,0
2341,2021-11-08 16:02:00,2021-11-08 16:02:00,1,40.0,19.05,19.05,1,1,0,326,1,1,public institution,0
2343,2021-11-11 16:27:00,2021-11-11 16:27:00,1,22.0,15.9,15.9,1,1,0,323,1,1,sightseeing,0
2344,2021-11-29 12:42:00,2021-11-29 12:42:00,1,44.0,31.7,31.7,1,1,0,305,1,1,public area,0
2346,2021-11-27 23:34:00,2021-11-26 19:57:00,3,176.66666666666666,18.566666666666666,55.699999999999996,2,1,1,306,1,0,resort,1
2348,2021-11-02 19:14:00,2021-10-30 17:27:00,2,179.5,10.145,20.29,2,2,3,332,1,0,hotel,0
2349,2021-11-09 15:15:00,2021-11-03 13:46:00,4,332.25,7.21,28.84,4,3,6,325,1,0,hotel,0
2350,2021-11-05 15:04:00,2021-11-05 15:04:00,1,109.0,11.4,11.4,1,1,0,329,1,0,sightseeing,0
2351,2021-11-11 17:10:00,2021-11-11 17:10:00,1,37.0,25.17,25.17,1,1,0,323,1,1,hotel,0
2352,2021-11-18 14:43:00,2021-11-18 14:43:00,1,95.0,11.12,11.12,1,1,0,316,1,0,hotel,0
2353,2021-11-21 14:45:00,2021-11-21 14:45:00,1,358.0,20.7,20.7,1,1,0,313,1,0,public parking lot,0
2354,2021-11-18 21:06:00,2021-11-18 21:06:00,1,161.0,16.37,16.37,1,1,0,316,1,0,hotel,1
2355,2021-11-22 18:06:00,2021-11-22 09:22:00,2,282.5,20.3,40.6,1,1,0,312,1,0,resort,1
2356,2021-11-30 18:08:00,2021-10-15 17:40:00,39,161.4102564102564,7.815128205128206,304.79,6,2,46,304,1,0,apartment,1
2357,2021-11-16 09:44:00,2021-11-16 09:36:00,2,22.0,11.045,22.09,2,1,0,318,1,0,public institution,0
2358,2021-11-27 09:04:00,2021-11-27 09:04:00,1,22.0,12.08,12.08,1,1,0,307,1,1,hotel,0
2359,2021-11-19 15:50:00,2021-10-05 18:48:00,7,34.57142857142857,20.919999999999998,146.44,4,2,44,315,1,1,public parking lot,0
2360,2021-11-30 00:21:00,2021-11-19 18:51:00,5,305.8,31.856,159.28,4,2,10,304,1,0,public area,1
2361,2021-11-06 10:58:00,2021-11-06 10:58:00,1,24.0,2.93,2.93,1,1,0,328,1,0,company,0
2362,2021-11-18 17:57:00,2021-11-18 17:57:00,1,30.0,1.75,1.75,1,1,0,316,1,0,market,1
2363,2021-11-22 22:10:00,2021-11-22 22:10:00,1,2.0,0.15,0.15,1,1,0,312,1,0,market,1
2364,2021-11-19 10:07:00,2021-11-19 10:07:00,1,60.0,6.59,6.59,1,1,0,315,1,0,hotel,1
2365,2021-11-23 12:08:00,2021-10-11 09:55:00,4,24.75,4.535,18.14,3,3,43,311,1,1,market,0
2366,2021-11-11 17:42:00,2021-11-06 12:17:00,5,44.6,24.488,122.44,4,3,5,323,1,1,public parking lot,0
2367,2021-11-15 12:02:00,2021-11-15 12:02:00,1,9.0,3.47,3.47,1,1,0,319,1,1,public area,0
2368,2021-11-03 23:26:00,2021-11-03 23:26:00,1,120.0,13.3,13.3,1,1,0,330,1,0,resort,0
2369,2021-11-05 13:49:00,2021-10-21 13:21:00,4,49.75,5.824999999999999,23.299999999999997,2,2,15,329,1,0,public institution,0
2370,2021-11-13 05:57:00,2021-10-04 09:05:00,7,26.428571428571427,19.48,136.36,3,1,39,321,1,1,public parking lot,0
2371,2021-11-25 20:58:00,2021-11-24 11:09:00,2,181.5,20.86,41.72,1,1,1,309,1,0,hotel,1
2373,2021-10-11 18:31:00,2021-10-11 18:31:00,1,195.0,22.3,22.3,1,1,0,354,1,0,public area,1
2374,2021-11-28 18:13:00,2021-11-25 16:59:00,2,159.5,19.01,38.02,2,1,3,306,1,0,hotel,1
2376,2021-11-15 17:45:00,2021-11-15 17:45:00,1,30.0,11.45,11.45,1,1,0,319,1,1,sightseeing,0
2377,2021-11-23 15:45:00,2021-11-21 12:20:00,2,0.0,6.4,12.8,1,1,2,311,1,0,company,1
2378,2021-11-12 11:10:00,2021-10-01 19:00:00,6,27.5,12.781666666666666,76.69,2,1,41,322,1,1,public parking lot,0
2379,2021-11-19 15:39:00,2021-10-31 14:52:00,2,24.5,9.265,18.53,2,2,19,315,1,0,resort,0
2380,2021-11-09 23:23:00,2021-11-09 23:23:00,1,229.0,25.5,25.5,1,1,0,324,1,0,resort,1
2381,2021-11-02 17:53:00,2021-11-01 18:28:00,3,76.0,8.833333333333334,26.5,1,1,0,332,1,0,public institution,0
2382,2021-11-11 17:06:00,2021-11-01 09:03:00,4,328.5,37.3425,149.37,4,2,10,323,1,0,hotel,1
2384,2021-11-10 15:48:00,2021-11-04 09:24:00,21,0.47619047619047616,0.04904761904761905,1.03,13,2,6,324,1,0,apartment,1
2386,2021-11-14 23:09:00,2021-11-12 18:59:00,4,178.25,16.4975,65.99,1,1,2,319,1,0,resort,1
2387,2021-11-20 22:27:00,2021-11-18 22:17:00,7,72.71428571428571,7.898571428571429,55.29,2,1,2,314,1,0,resort,1
2388,2021-11-26 21:22:00,2021-10-02 13:49:00,14,41.357142857142854,16.164285714285715,226.3,10,5,55,308,1,1,sightseeing,0
2389,2021-11-28 09:38:00,2021-11-28 09:38:00,1,30.0,3.41,3.41,1,1,0,306,1,0,resort,1
2391,2021-11-15 06:28:00,2021-11-14 07:29:00,2,19.0,2.1,4.2,2,1,0,319,1,0,public area,1
2392,2021-11-23 18:30:00,2021-11-23 16:22:00,2,90.0,10.215,20.43,1,1,0,311,1,0,hotel,1
2393,2021-11-19 18:57:00,2021-10-01 19:24:00,10,150.9,6.258,62.58,1,1,48,315,1,0,public area,1
2394,2021-11-14 21:16:00,2021-11-14 21:16:00,1,33.0,27.36,27.36,1,1,0,320,1,1,public area,0
2395,2021-11-28 13:37:00,2021-11-27 20:26:00,4,26.75,5.97,23.88,2,1,0,306,1,0,hotel,1
2396,2021-11-06 19:26:00,2021-11-06 19:26:00,1,332.0,37.56,37.56,1,1,0,328,1,0,company,1
2397,2021-11-05 15:37:00,2021-11-05 15:37:00,1,159.0,17.72,17.72,1,1,0,329,1,0,hotel,0
2398,2021-11-21 16:26:00,2021-11-21 16:26:00,1,60.0,6.83,6.83,1,1,0,313,1,0,hotel,1
2399,2021-11-20 20:33:00,2021-11-18 19:44:00,2,261.5,28.740000000000002,57.480000000000004,2,1,2,314,1,0,resort,1
2401,2021-11-16 10:14:00,2021-11-16 07:40:00,2,90.0,10.275,20.55,1,1,0,318,1,0,resort,1
2402,2021-11-05 11:42:00,2021-11-01 15:50:00,3,543.0,9.293333333333333,27.88,2,1,3,329,1,0,hotel,0
2403,2021-11-07 17:34:00,2021-11-07 17:34:00,1,198.0,22.3,22.3,1,1,0,327,1,0,hotel,1
2404,2021-11-21 10:21:00,2021-11-18 19:53:00,2,198.0,21.450000000000003,42.900000000000006,2,2,2,313,1,0,company,0
2405,2021-11-24 09:04:00,2021-11-24 09:04:00,1,66.0,7.32,7.32,1,1,0,310,1,0,company,0
2406,2021-11-19 19:13:00,2021-11-19 19:13:00,1,47.0,5.7,5.7,1,1,0,315,1,0,hotel,1
2407,2021-11-24 14:37:00,2021-10-30 15:29:00,3,96.33333333333333,5.6066666666666665,16.82,2,2,24,310,1,0,market,1
2408,2021-11-09 21:58:00,2021-11-09 18:44:00,2,180.0,19.265,38.53,1,1,0,325,1,0,hotel,1
2409,2021-11-11 09:48:00,2021-11-10 20:03:00,3,136.66666666666666,14.453333333333333,43.36,1,1,0,323,1,0,hotel,1
2411,2021-11-12 21:19:00,2021-11-12 21:19:00,1,27.0,11.24,11.24,1,1,0,322,1,1,hotel,0
2413,2021-11-25 12:15:00,2021-11-25 12:15:00,1,19.0,11.71,11.71,1,1,0,309,1,1,hotel,0
2414,2021-11-09 21:13:00,2021-11-09 21:13:00,1,360.0,39.21,39.21,1,1,0,325,1,0,resort,1
2416,2021-11-19 22:48:00,2021-11-19 22:48:00,1,300.0,33.3,33.3,1,1,0,314,1,0,resort,0
2417,2021-11-14 11:48:00,2021-11-14 11:48:00,1,37.0,16.48,16.48,1,1,0,320,1,1,public institution,0
2419,2021-11-16 12:18:00,2021-11-02 19:19:00,5,33.2,13.819999999999999,69.1,5,3,13,318,1,1,public parking lot,0
2420,2021-11-05 14:13:00,2021-10-13 11:46:00,7,37.285714285714285,19.33857142857143,135.37,4,3,23,329,1,1,public area,0
2421,2021-11-24 16:46:00,2021-10-27 15:15:00,20,194.65,23.4035,468.07,8,2,28,310,1,0,apartment,1
2422,2021-10-10 19:29:00,2021-10-10 19:29:00,1,220.0,21.93,21.93,1,1,0,355,1,0,public parking lot,0
2423,2021-10-06 19:10:00,2021-10-05 23:13:00,3,237.0,12.653333333333334,37.96,1,1,0,359,1,0,public area,1
2424,2021-10-18 11:19:00,2021-10-18 11:19:00,1,85.0,7.7,7.7,1,1,0,347,1,0,public parking lot,0
2425,2021-10-07 18:31:00,2021-10-07 18:31:00,1,27.0,10.8,10.8,1,1,0,358,1,1,public parking lot,0
2426,2021-10-27 09:44:00,2021-10-27 09:44:00,1,26.0,10.43,10.43,1,1,0,338,1,1,public institution,0
2427,2021-10-09 14:09:00,2021-10-09 14:09:00,1,41.0,18.42,18.42,1,1,0,356,1,1,public parking lot,0
2428,2021-10-05 15:57:00,2021-10-05 15:57:00,1,108.0,11.61,11.61,1,1,0,360,1,0,public parking lot,0
2429,2021-10-05 17:45:00,2021-10-05 12:53:00,2,29.5,13.295,26.59,2,2,0,360,1,0,market,0
2430,2021-10-07 18:22:00,2021-10-01 19:14:00,2,41.5,13.1,26.2,2,2,5,358,1,1,resort,0
2431,2021-10-02 17:17:00,2021-10-02 13:47:00,2,67.0,7.154999999999999,14.309999999999999,1,1,0,363,1,0,company,1
2433,2021-10-11 12:24:00,2021-10-11 12:24:00,1,26.0,15.16,15.16,1,1,0,354,1,1,sightseeing,0
2434,2021-10-14 15:58:00,2021-10-14 15:58:00,1,19.0,2.14,2.14,1,1,0,351,1,0,public area,0
2435,2021-10-06 19:21:00,2021-10-06 19:21:00,1,34.0,3.9,3.9,1,1,0,359,1,0,company,1
2436,2021-10-02 13:32:00,2021-10-02 13:21:00,2,10.0,4.595000000000001,9.190000000000001,1,1,0,363,1,1,public area,0
2437,2021-10-24 23:30:00,2021-10-21 14:35:00,5,81.8,9.038,45.19,3,3,3,340,1,0,hotel,1
2438,2021-10-11 14:18:00,2021-10-11 14:18:00,1,24.0,15.39,15.39,1,1,0,354,1,1,sightseeing,0
2439,2021-10-05 14:49:00,2021-10-01 07:02:00,3,282.0,26.2,78.6,2,2,4,360,1,0,resort,0
2440,2021-10-10 07:03:00,2021-10-10 07:03:00,1,82.0,9.86,9.86,1,1,0,355,1,0,public area,1
2442,2021-10-09 07:06:00,2021-10-09 06:21:00,2,40.0,21.875,43.75,1,1,0,356,1,1,public parking lot,0
2443,2021-10-04 07:12:00,2021-10-04 05:44:00,2,33.5,3.99,7.98,1,1,0,361,1,0,public area,1
2444,2021-10-23 21:26:00,2021-10-21 22:21:00,4,129.75,15.195,60.78,2,1,1,342,1,0,public area,1
2445,2021-10-15 19:06:00,2021-10-14 19:36:00,2,240.0,15.3,30.6,1,1,0,350,1,0,hotel,1
2446,2021-10-09 19:00:00,2021-10-09 19:00:00,1,101.0,11.34,11.34,1,1,0,356,1,0,public area,1
2447,2021-10-15 09:55:00,2021-10-12 10:50:00,2,30.5,13.795,27.59,2,2,2,350,1,0,hotel,0
2448,2021-10-20 17:44:00,2021-10-20 17:44:00,1,29.0,14.71,14.71,1,1,0,345,1,1,public parking lot,0
2449,2021-10-17 12:26:00,2021-10-17 12:26:00,1,81.0,9.76,9.76,1,1,0,348,1,0,restaurant,1
2450,2021-10-21 14:12:00,2021-10-20 11:57:00,2,48.0,5.465,10.93,2,2,1,344,1,0,company,1
2451,2021-10-02 18:09:00,2021-10-01 15:19:00,3,64.66666666666667,6.81,20.43,2,1,1,363,1,0,public parking lot,0
2452,2021-10-11 19:58:00,2021-10-11 18:52:00,2,60.0,6.6,13.2,1,1,0,354,1,0,hotel,1
2453,2021-10-30 20:54:00,2021-10-04 22:19:00,4,354.5,41.7725,167.09,1,1,25,335,1,0,golf,1
2454,2021-10-31 12:52:00,2021-10-02 15:31:00,4,61.75,3.4525,13.81,2,1,28,334,1,0,market,1
2455,2021-10-22 10:44:00,2021-10-01 14:09:00,3,65.66666666666667,25.69333333333333,77.08,1,1,20,343,1,1,public parking lot,0
2456,2021-10-31 08:03:00,2021-10-16 11:55:00,10,142.2,15.969999999999999,159.7,1,1,14,334,1,0,public institution,0
2457,2021-10-01 15:43:00,2021-10-01 10:18:00,3,190.0,10.81,32.43,3,2,0,364,1,0,resort,0
2458,2021-10-02 05:39:00,2021-10-01 08:25:00,5,90.0,10.78,53.9,3,1,0,363,1,0,company,1
2460,2021-10-08 18:07:00,2021-10-02 22:29:00,8,179.875,6.473750000000001,51.790000000000006,5,4,5,357,1,0,public parking lot,0
2461,2021-10-10 20:59:00,2021-10-10 20:59:00,1,310.0,33.79,33.79,1,1,0,355,1,0,hotel,1
2462,2021-10-09 17:08:00,2021-10-09 11:15:00,2,34.0,20.134999999999998,40.269999999999996,2,2,0,356,1,1,public area,0
2463,2021-10-17 12:39:00,2021-10-06 14:00:00,2,29.5,13.695,27.39,2,1,10,348,1,1,public institution,0
2464,2021-10-13 20:13:00,2021-10-03 09:55:00,10,104.5,4.558999999999999,45.589999999999996,2,1,10,352,1,0,resort,0
2465,2021-10-26 05:34:00,2021-10-15 06:28:00,8,231.375,27.30875,218.47,1,1,10,339,1,0,public area,1
2466,2021-10-04 09:14:00,2021-10-04 09:14:00,1,19.0,12.64,12.64,1,1,0,361,1,1,public parking lot,0
2467,2021-10-07 17:33:00,2021-10-07 17:33:00,1,196.0,19.85,19.85,1,1,0,358,1,0,hotel,1
2468,2021-10-26 13:05:00,2021-10-26 13:05:00,1,49.0,5.13,5.13,1,1,0,339,1,0,market,1
2470,2021-10-23 16:07:00,2021-10-04 07:49:00,7,30.428571428571427,15.70142857142857,109.91,5,5,19,342,1,1,public area,0
2471,2021-10-18 22:36:00,2021-10-02 12:53:00,4,40.75,21.0275,84.11,3,3,16,347,1,1,public area,0
2472,2021-10-29 19:22:00,2021-10-04 18:26:00,4,21.75,2.5375,10.15,3,3,25,336,1,1,apartment,0
2474,2021-10-08 08:46:00,2021-10-08 07:00:00,3,41.333333333333336,18.496666666666666,55.49,1,1,0,357,1,1,public institution,0
2475,2021-10-27 20:00:00,2021-10-25 20:49:00,3,277.0,27.900000000000002,83.7,2,1,1,338,1,0,market,1
2476,2021-10-14 21:12:00,2021-10-14 21:12:00,1,233.0,23.3,23.3,1,1,0,351,1,0,hotel,1
2477,2021-10-04 18:38:00,2021-10-04 18:38:00,1,1.0,0.11,0.11,1,1,0,361,1,0,hotel,1
2478,2021-10-10 10:49:00,2021-10-07 13:38:00,2,51.5,11.875,23.75,2,2,2,355,1,0,golf,0
2479,2021-10-11 11:38:00,2021-10-11 11:38:00,1,56.0,5.63,5.63,1,1,0,354,1,0,market,1
2480,2021-10-07 15:09:00,2021-10-07 15:09:00,1,43.0,14.79,14.79,1,1,0,358,1,1,sightseeing,0
2482,2021-10-09 18:19:00,2021-10-09 18:19:00,1,46.0,5.5,5.5,1,1,0,356,1,0,public area,1
2483,2021-10-15 22:43:00,2021-10-15 22:43:00,1,36.0,3.89,3.89,1,1,0,349,1,0,hotel,1
2484,2021-10-21 10:50:00,2021-10-21 10:50:00,1,14.0,7.52,7.52,1,1,0,344,1,1,public area,0
2485,2021-10-29 22:01:00,2021-10-29 22:01:00,1,455.0,52.5,52.5,1,1,0,336,1,0,hotel,1
2487,2021-10-22 20:41:00,2021-10-22 20:41:00,1,80.0,8.64,8.64,1,1,0,343,1,0,apartment,1
2488,2021-10-04 15:27:00,2021-10-02 13:05:00,2,26.0,1.4300000000000002,2.8600000000000003,2,1,2,361,1,0,market,1
2489,2021-10-08 19:21:00,2021-10-08 19:21:00,1,41.0,17.64,17.64,1,1,0,357,1,1,public parking lot,0
2490,2021-10-03 21:26:00,2021-10-03 21:26:00,1,42.0,33.14,33.14,1,1,0,362,1,1,public institution,0
2491,2021-10-11 00:55:00,2021-10-10 22:06:00,2,31.5,11.11,22.22,1,1,0,354,1,1,hotel,0
2492,2021-10-03 15:56:00,2021-10-01 11:47:00,2,33.5,26.705,53.41,2,2,2,362,1,1,public area,0
2493,2021-10-12 17:29:00,2021-10-05 17:26:00,3,319.0,37.17,111.51,2,2,7,353,1,0,public area,1
2494,2021-10-20 17:13:00,2021-10-18 09:53:00,4,19.5,4.21,16.84,2,2,2,345,1,1,public institution,0
2496,2021-10-09 14:29:00,2021-10-09 14:29:00,1,43.0,17.1,17.1,1,1,0,356,1,1,public institution,0
2497,2021-10-31 14:13:00,2021-10-19 11:12:00,2,174.0,19.2,38.4,2,2,12,334,1,0,resort,0
2498,2021-10-29 09:21:00,2021-10-22 08:48:00,2,135.0,15.4,30.8,1,1,7,336,1,0,hotel,0
2499,2021-10-12 16:03:00,2021-10-12 16:03:00,1,76.0,4.6,4.6,1,1,0,353,1,0,public institution,0
2500,2021-10-10 13:22:00,2021-10-10 13:22:00,1,23.0,2.56,2.56,1,1,0,355,1,0,public institution,1
2501,2021-10-12 13:11:00,2021-10-12 13:11:00,1,97.0,19.26,19.26,1,1,0,353,1,1,restaurant,0
